Fecha,Departamento,Municipio,Día,Hora,Barrio,Zona,Clase de sitio,Arma empleada,Móvil Agresor,Móvil Victima,Edad,Sexo,Estado civil,País de nacimiento,Clase de empleado,Profesión,Escolaridad,Código DANE,Cantidad
01/01/2018 12:00:00 AM,CUNDINAMARCA,BOGOTÁ D.C. (CT),Lunes,1:00:00,SANTA LIBRADA E-5,URBANA,VIAS PUBLICAS,ARMA BLANCA / CORTOPUNZANTE,A PIE,A PIE,22.0,FEMENINO,SOLTERO,COLOMBIA,DESEMPLEADO,-,SECUNDARIA,11001000.0,1
01/01/2018 12:00:00 AM,CUNDINAMARCA,BOGOTÁ D.C. (CT),Lunes,5:30:00,LOS TRES REYES - I ETAPA E-19,URBANA,VIAS PUBLICAS,ARMA BLANCA / CORTOPUNZANTE,A PIE,A PIE,17.0,MASCULINO,SOLTERO,COLOMBIA,DESEMPLEADO,-,SECUNDARIA,11001000.0,1
01/01/2018 12:00:00 AM,CUNDINAMARCA,BOGOTÁ D.C. (CT),Lunes,2:30:00,SAN ANTONIO E-15,URBANA,CASAS DE HABITACION,ARMA BLANCA / CORTOPUNZANTE,A PIE,A PIE,30.0,MASCULINO,UNION LIBRE,COLOMBIA,INDEPENDIENTE,-,SECUNDARIA,11001000.0,1
01/01/2018 12:00:00 AM,CUNDINAMARCA,BOGOTÁ D.C. (CT),Lunes,2:35:00,CENTRO USME E-5,URBANA,VIAS PUBLICAS,ARMA BLANCA / CORTOPUNZANTE,A PIE,A PIE,24.0,MASCULINO,UNION LIBRE,COLOMBIA,EMPLEADO PARTICULAR,-,SECUNDARIA,11001000.0,1
01/01/2018 12:00:00 AM,CUNDINAMARCA,BOGOTÁ D.C. (CT),Lunes,7:45:00,LA PRIMAVERA E-7,URBANA,VIAS PUBLICAS,ARMA BLANCA / CORTOPUNZANTE,A PIE,A PIE,43.0,MASCULINO,UNION LIBRE,COLOMBIA,DESEMPLEADO,-,SECUNDARIA,11001000.0,1
01/01/2018 12:00:00 AM,CUNDINAMARCA,BOGOTÁ D.C. (CT),Lunes,9:25:00,SIERRA MORENA E-19,URBANA,VIAS PUBLICAS,ARMA BLANCA / CORTOPUNZANTE,A PIE,A PIE,19.0,MASCULINO,SOLTERO,COLOMBIA,DESEMPLEADO,-,SECUNDARIA,11001000.0,1
01/01/2018 12:00:00 AM,CUNDINAMARCA,BOGOTÁ D.C. (CT),Lunes,4:07:00,CHUNIZA E-5,URBANA,VIAS PUBLICAS,ARMA DE FUEGO,A PIE,A PIE,19.0,MASCULINO,SOLTERO,COLOMBIA,EMPLEADO PARTICULAR,-,SECUNDARIA,11001000.0,1
01/01/2018 12:00:00 AM,CUNDINAMARCA,BOGOTÁ D.C. (CT),Lunes,5:13:00,GRAN YOMASA E-5,URBANA,VIAS PUBLICAS,ARMA BLANCA / CORTOPUNZANTE,A PIE,A PIE,15.0,MASCULINO,SOLTERO,COLOMBIA,ESTUDIANTE,-,SECUNDARIA,11001000.0,1
01/01/2018 12:00:00 AM,CUNDINAMARCA,BOGOTÁ D.C. (CT),Lunes,3:28:00,LUIS CARLOS GALAN E-10,URBANA,VIAS PUBLICAS,ARMA BLANCA / CORTOPUNZANTE,A PIE,A PIE,33.0,MASCULINO,UNION LIBRE,COLOMBIA,EMPLEADO PARTICULAR,-,PRIMARIA,11001000.0,1
01/01/2018 12:00:00 AM,CUNDINAMARCA,BOGOTÁ D.C. (CT),Lunes,4:19:00,JUAN REY E-4,URBANA,VIAS PUBLICAS,ARMA BLANCA / CORTOPUNZANTE,A PIE,A PIE,22.0,MASCULINO,SOLTERO,COLOMBIA,EMPLEADO PARTICULAR,-,SECUNDARIA,11001000.0,1
01/01/2018 12:00:00 AM,CUNDINAMARCA,BOGOTÁ D.C. (CT),Lunes,4:24:00,GUACAMAYAS I-II E-4,URBANA,VIAS PUBLICAS,ARMA BLANCA / CORTOPUNZANTE,A PIE,-,37.0,MASCULINO,UNION LIBRE,COLOMBIA,INDEPENDIENTE,-,SECUNDARIA,11001000.0,1
01/01/2018 12:00:00 AM,CUNDINAMARCA,BOGOTÁ D.C. (CT),Lunes,12:17:00,NACIONES UNIDAS E-19,URBANA,CAÑOS,CONTUNDENTES,A PIE,A PIE,26.0,MASCULINO,SOLTERO,COLOMBIA,DESEMPLEADO,-,SECUNDARIA,11001000.0,1
02/01/2018 12:00:00 AM,CUNDINAMARCA,BOGOTÁ D.C. (CT),Martes,1:30:00,LOS EJIDOS E-16,URBANA,VIAS PUBLICAS,ARMA DE FUEGO,A PIE,A PIE,52.0,MASCULINO,SOLTERO,COLOMBIA,EMPLEADO PARTICULAR,-,SECUNDARIA,11001000.0,1
02/01/2018 12:00:00 AM,CUNDINAMARCA,BOGOTÁ D.C. (CT),Martes,2:20:00,LA LIBERTAD E-12,URBANA,VIAS PUBLICAS,ARMA BLANCA / CORTOPUNZANTE,A PIE,A PIE,70.0,MASCULINO,SOLTERO,COLOMBIA,DESEMPLEADO,-,SECUNDARIA,11001000.0,1
02/01/2018 12:00:00 AM,CUNDINAMARCA,BOGOTÁ D.C. (CT),Martes,17:39:00,LAS COLUMNAS E-4,URBANA,VIAS PUBLICAS,ARMA DE FUEGO,A PIE,A PIE,50.0,MASCULINO,SOLTERO,COLOMBIA,DESEMPLEADO,-,SECUNDARIA,11001000.0,1
02/01/2018 12:00:00 AM,CUNDINAMARCA,BOGOTÁ D.C. (CT),Martes,22:24:00,CARACOLI E-19,URBANA,CASAS DE HABITACION,ARMA DE FUEGO,A PIE,A PIE,28.0,MASCULINO,SOLTERO,COLOMBIA,EMPLEADO PARTICULAR,-,SECUNDARIA,11001000.0,1
04/01/2018 12:00:00 AM,CUNDINAMARCA,BOGOTÁ D.C. (CT),Jueves,21:00:00,SAN FRANCISCO E-19,RURAL,VIAS PUBLICAS,ARMA DE FUEGO,A PIE,A PIE,39.0,MASCULINO,SOLTERO,COLOMBIA,INDEPENDIENTE,-,SUPERIOR,11001000.0,1
05/01/2018 12:00:00 AM,CUNDINAMARCA,BOGOTÁ D.C. (CT),Viernes,1:00:00,RESTREPO E-15,URBANA,CAÑOS,ARMA BLANCA / CORTOPUNZANTE,A PIE,A PIE,36.0,MASCULINO,SOLTERO,COLOMBIA,DESEMPLEADO,-,PRIMARIA,11001000.0,1
05/01/2018 12:00:00 AM,CUNDINAMARCA,BOGOTÁ D.C. (CT),Viernes,17:17:00,PERDOMO E-19,URBANA,VIAS PUBLICAS,ARMA DE FUEGO,A PIE,A PIE,29.0,MASCULINO,SOLTERO,COLOMBIA,INDEPENDIENTE,-,SECUNDARIA,11001000.0,1
06/01/2018 12:00:00 AM,CUNDINAMARCA,BOGOTÁ D.C. (CT),Sábado,21:20:00,VOTO NACIONAL E-14,URBANA,VIAS PUBLICAS,ARMA BLANCA / CORTOPUNZANTE,A PIE,A PIE,24.0,MASCULINO,SOLTERO,COLOMBIA,INDEPENDIENTE,-,SECUNDARIA,11001000.0,1
06/01/2018 12:00:00 AM,CUNDINAMARCA,BOGOTÁ D.C. (CT),Sábado,19:10:00,CASANDRA E-9,URBANA,VIAS PUBLICAS,ARMA DE FUEGO,A PIE,A PIE,45.0,MASCULINO,SOLTERO,COLOMBIA,INDEPENDIENTE,-,SECUNDARIA,11001000.0,1
06/01/2018 12:00:00 AM,CUNDINAMARCA,BOGOTÁ D.C. (CT),Sábado,23:50:00,EL ROSARIO E-8,URBANA,PARQUEADERO,ARMA DE FUEGO,A PIE,A PIE,27.0,MASCULINO,SOLTERO,COLOMBIA,EMPLEADO PARTICULAR,-,SECUNDARIA,11001000.0,1
06/01/2018 12:00:00 AM,CUNDINAMARCA,BOGOTÁ D.C. (CT),Sábado,14:50:00,LAS VEGAS E-8,URBANA,VIAS PUBLICAS,ARMA DE FUEGO,A PIE,A PIE,26.0,MASCULINO,SOLTERO,COLOMBIA,INDEPENDIENTE,-,SECUNDARIA,11001000.0,1
08/01/2018 12:00:00 AM,CUNDINAMARCA,BOGOTÁ D.C. (CT),Lunes,23:55:00,VILLA CINDY E-11,URBANA,VIAS PUBLICAS,ARMA BLANCA / CORTOPUNZANTE,A PIE,A PIE,38.0,FEMENINO,SOLTERO,COLOMBIA,DESEMPLEADO,-,PRIMARIA,11001000.0,1
08/01/2018 12:00:00 AM,CUNDINAMARCA,BOGOTÁ D.C. (CT),Lunes,12:55:00,LOS ALPES E-19,URBANA,VIAS PUBLICAS,ARMA DE FUEGO,A PIE,A PIE,19.0,MASCULINO,SOLTERO,COLOMBIA,DESEMPLEADO,-,PRIMARIA,11001000.0,1
09/01/2018 12:00:00 AM,CUNDINAMARCA,BOGOTÁ D.C. (CT),Martes,15:15:00,VOTO NACIONAL E-14,URBANA,TIENDA,ARMA DE FUEGO,A PIE,A PIE,58.0,MASCULINO,SOLTERO,COLOMBIA,INDEPENDIENTE,-,SECUNDARIA,11001000.0,1
11/01/2018 12:00:00 AM,CUNDINAMARCA,BOGOTÁ D.C. (CT),Jueves,10:00:00,POLICARPA SALAVARRIETA E-15,URBANA,PELUQUERIA Y SIMILARES,ARMA BLANCA / CORTOPUNZANTE,A PIE,A PIE,19.0,MASCULINO,UNION LIBRE,COLOMBIA,EMPLEADO PARTICULAR,-,SECUNDARIA,11001000.0,1
11/01/2018 12:00:00 AM,CUNDINAMARCA,BOGOTÁ D.C. (CT),Jueves,20:20:00,LOS COMUNEROS E-16,URBANA,VIAS PUBLICAS,ARMA BLANCA / CORTOPUNZANTE,A PIE,A PIE,23.0,MASCULINO,SOLTERO,COLOMBIA,DESEMPLEADO,-,SECUNDARIA,11001000.0,1
11/01/2018 12:00:00 AM,CUNDINAMARCA,BOGOTÁ D.C. (CT),Jueves,11:05:00,VILLA EMMA E-7,URBANA,PANADERIAS,ARMA DE FUEGO,A PIE,A PIE,45.0,MASCULINO,UNION LIBRE,COLOMBIA,EMPLEADO PARTICULAR,-,SECUNDARIA,11001000.0,1
12/01/2018 12:00:00 AM,CUNDINAMARCA,BOGOTÁ D.C. (CT),Viernes,1:30:00,EDUARDO SANTOS E-14,URBANA,VIAS PUBLICAS,ARMA BLANCA / CORTOPUNZANTE,A PIE,A PIE,24.0,FEMENINO,SOLTERO,COLOMBIA,EMPLEADO PARTICULAR,-,SECUNDARIA,11001000.0,1
12/01/2018 12:00:00 AM,CUNDINAMARCA,BOGOTÁ D.C. (CT),Viernes,21:40:00,BELLAVISTA E-19,URBANA,VIAS PUBLICAS,ARMA BLANCA / CORTOPUNZANTE,A PIE,A PIE,38.0,MASCULINO,SOLTERO,COLOMBIA,DESEMPLEADO,-,SECUNDARIA,11001000.0,1
12/01/2018 12:00:00 AM,CUNDINAMARCA,BOGOTÁ D.C. (CT),Viernes,15:40:00,URB. SANTANDER E-15,URBANA,BODEGAS Y SIMILARES,ARMA DE FUEGO,A PIE,A PIE,47.0,MASCULINO,SOLTERO,COLOMBIA,DESEMPLEADO,-,SECUNDARIA,11001000.0,1
12/01/2018 12:00:00 AM,CUNDINAMARCA,BOGOTÁ D.C. (CT),Viernes,13:50:00,EL PARAISO E-19,URBANA,DENTRO DE LA VIVIENDA,ARMA BLANCA / CORTOPUNZANTE,A PIE,A PIE,63.0,MASCULINO,UNION LIBRE,COLOMBIA,DESEMPLEADO,-,SECUNDARIA,11001000.0,1
12/01/2018 12:00:00 AM,CUNDINAMARCA,BOGOTÁ D.C. (CT),Viernes,6:53:00,SAN FRANCISCO E-19,URBANA,VIAS PUBLICAS,ARMA DE FUEGO,A PIE,A PIE,31.0,MASCULINO,SOLTERO,COLOMBIA,INDEPENDIENTE,-,SECUNDARIA,11001000.0,1
01/02/2018 12:00:00 AM,CUNDINAMARCA,BOGOTÁ D.C. (CT),Jueves,2:10:00,LA FLORIDA SUR E-19,URBANA,VIAS PUBLICAS,ARMA DE FUEGO,A PIE,A PIE,19.0,MASCULINO,SOLTERO,COLOMBIA,EMPLEADO PARTICULAR,-,SECUNDARIA,11001000.0,1
02/02/2018 12:00:00 AM,CUNDINAMARCA,BOGOTÁ D.C. (CT),Viernes,20:40:00,ANTONIO JOSE DE SUCRE E-5,URBANA,VIAS PUBLICAS,ARMA BLANCA / CORTOPUNZANTE,A PIE,A PIE,56.0,MASCULINO,SOLTERO,COLOMBIA,EMPLEADO PARTICULAR,-,SECUNDARIA,11001000.0,1
02/02/2018 12:00:00 AM,CUNDINAMARCA,BOGOTÁ D.C. (CT),Viernes,21:20:00,AMAPARO CAÑIZARES E-8,URBANA,VIAS PUBLICAS,ARMA BLANCA / CORTOPUNZANTE,A PIE,A PIE,29.0,MASCULINO,SOLTERO,COLOMBIA,EMPLEADO PARTICULAR,-,PRIMARIA,11001000.0,1
02/02/2018 12:00:00 AM,CUNDINAMARCA,BOGOTÁ D.C. (CT),Viernes,22:40:00,SAN JOSE II SECTOR A E-7,URBANA,VIAS PUBLICAS,ARMA DE FUEGO,A PIE,A PIE,22.0,MASCULINO,SOLTERO,COLOMBIA,EMPLEADO PARTICULAR,-,SECUNDARIA,11001000.0,1
02/02/2018 12:00:00 AM,CUNDINAMARCA,BOGOTÁ D.C. (CT),Viernes,21:08:00,CANDELARIA III-IV E-19,URBANA,TIENDA,ARMA DE FUEGO,A PIE,A PIE,60.0,FEMENINO,UNION LIBRE,COLOMBIA,INDEPENDIENTE,-,SECUNDARIA,11001000.0,1
02/02/2018 12:00:00 AM,CUNDINAMARCA,BOGOTÁ D.C. (CT),Viernes,5:49:00,LISBOA E-11,URBANA,VIAS PUBLICAS,ARMA DE FUEGO,A PIE,A PIE,27.0,MASCULINO,UNION LIBRE,COLOMBIA,EMPLEADO PARTICULAR,-,SECUNDARIA,11001000.0,1
03/02/2018 12:00:00 AM,CUNDINAMARCA,BOGOTÁ D.C. (CT),Sábado,21:00:00,DIANA TURBAY E-18,URBANA,"BARES, CANTINAS Y SIMILARES",ARMA DE FUEGO,A PIE,A PIE,29.0,MASCULINO,SOLTERO,COLOMBIA,DESEMPLEADO,-,SECUNDARIA,11001000.0,1
03/02/2018 12:00:00 AM,CUNDINAMARCA,BOGOTÁ D.C. (CT),Sábado,21:00:00,DIANA TURBAY E-18,URBANA,"BARES, CANTINAS Y SIMILARES",ARMA DE FUEGO,A PIE,A PIE,50.0,MASCULINO,UNION LIBRE,COLOMBIA,INDEPENDIENTE,-,PRIMARIA,11001000.0,1
03/02/2018 12:00:00 AM,CUNDINAMARCA,BOGOTÁ D.C. (CT),Sábado,21:20:00,EL RAMAJAL E-4,URBANA,BOSQUES,CUERDA/SOGA/CADENA,A PIE,A PIE,32.0,MASCULINO,SOLTERO,VENEZUELA,DESEMPLEADO,-,SECUNDARIA,11001000.0,1
03/02/2018 12:00:00 AM,CUNDINAMARCA,BOGOTÁ D.C. (CT),Sábado,14:50:00,LOS ALPES E-19,RURAL,BOSQUES,ARMA DE FUEGO,A PIE,A PIE,26.0,MASCULINO,SOLTERO,COLOMBIA,INDEPENDIENTE,-,SECUNDARIA,11001000.0,1
03/02/2018 12:00:00 AM,CUNDINAMARCA,BOGOTÁ D.C. (CT),Sábado,18:04:00,CANDELARIA III-IV E-19,URBANA,VIAS PUBLICAS,ARMA DE FUEGO,A PIE,A PIE,50.0,FEMENINO,CASADO,COLOMBIA,EMPLEADO PARTICULAR,LICENCIADO,SUPERIOR,11001000.0,1
04/02/2018 12:00:00 AM,CUNDINAMARCA,BOGOTÁ D.C. (CT),Domingo,5:00:00,EL RUBI I SECTOR E-8,URBANA,VIAS PUBLICAS,ARMA BLANCA / CORTOPUNZANTE,A PIE,A PIE,23.0,MASCULINO,SOLTERO,COLOMBIA,DESEMPLEADO,-,SECUNDARIA,11001000.0,1
04/02/2018 12:00:00 AM,CUNDINAMARCA,BOGOTÁ D.C. (CT),Domingo,12:00:00,EL MOCHUELO ORIENTAL E-19,URBANA,"BARES, CANTINAS Y SIMILARES",ARMA BLANCA / CORTOPUNZANTE,A PIE,A PIE,36.0,MASCULINO,SOLTERO,COLOMBIA,DESEMPLEADO,-,SECUNDARIA,11001000.0,1
04/02/2018 12:00:00 AM,CUNDINAMARCA,BOGOTÁ D.C. (CT),Domingo,5:50:00,SAN JORGE E-18,URBANA,VIAS PUBLICAS,ARMA BLANCA / CORTOPUNZANTE,A PIE,A PIE,33.0,MASCULINO,SOLTERO,COLOMBIA,DESEMPLEADO,-,SECUNDARIA,11001000.0,1
04/02/2018 12:00:00 AM,CUNDINAMARCA,BOGOTÁ D.C. (CT),Domingo,1:10:00,TIBABITA E-1,URBANA,VIAS PUBLICAS,ARMA BLANCA / CORTOPUNZANTE,A PIE,A PIE,24.0,MASCULINO,SOLTERO,COLOMBIA,DESEMPLEADO,-,SECUNDARIA,11001000.0,1
05/02/2018 12:00:00 AM,CUNDINAMARCA,BOGOTÁ D.C. (CT),Lunes,19:38:00,PATIO BONITO I E-8,URBANA,VIAS PUBLICAS,ARMA DE FUEGO,A PIE,A PIE,28.0,MASCULINO,UNION LIBRE,COLOMBIA,INDEPENDIENTE,-,SECUNDARIA,11001000.0,1
05/02/2018 12:00:00 AM,CUNDINAMARCA,BOGOTÁ D.C. (CT),Lunes,22:29:00,EL BRILLANTE E-5,RURAL,BOSQUES,ARMA DE FUEGO,A PIE,A PIE,51.0,MASCULINO,UNION LIBRE,COLOMBIA,INDEPENDIENTE,-,SECUNDARIA,11001000.0,1
06/02/2018 12:00:00 AM,CUNDINAMARCA,BOGOTÁ D.C. (CT),Martes,9:10:00,ESPINOS I E-19,URBANA,BOSQUES,ARMA BLANCA / CORTOPUNZANTE,A PIE,A PIE,17.0,MASCULINO,SOLTERO,COLOMBIA,INDEPENDIENTE,-,SECUNDARIA,11001000.0,1
07/02/2018 12:00:00 AM,CUNDINAMARCA,BOGOTÁ D.C. (CT),Miércoles,16:00:00,LOS SOCHES E-5,URBANA,VIAS PUBLICAS,ARMA BLANCA / CORTOPUNZANTE,A PIE,A PIE,45.0,MASCULINO,UNION LIBRE,COLOMBIA,EMPLEADO PARTICULAR,-,SECUNDARIA,11001000.0,1
07/02/2018 12:00:00 AM,CUNDINAMARCA,BOGOTÁ D.C. (CT),Miércoles,3:30:00,VILLAS DEL DORADO E-10,URBANA,FRENTE A DISCOTECAS,ARMA BLANCA / CORTOPUNZANTE,A PIE,A PIE,26.0,MASCULINO,SOLTERO,COLOMBIA,EMPLEADO PARTICULAR,-,SECUNDARIA,11001000.0,1
07/02/2018 12:00:00 AM,CUNDINAMARCA,BOGOTÁ D.C. (CT),Miércoles,17:35:00,EL DORADO E-3,URBANA,VIAS PUBLICAS,ARMA BLANCA / CORTOPUNZANTE,A PIE,A PIE,44.0,MASCULINO,UNION LIBRE,COLOMBIA,EMPLEADO PARTICULAR,-,SECUNDARIA,11001000.0,1
08/02/2018 12:00:00 AM,CUNDINAMARCA,BOGOTÁ D.C. (CT),Jueves,19:30:00,LA ESPERANZA E-5,URBANA,VIAS PUBLICAS,ARMA BLANCA / CORTOPUNZANTE,A PIE,A PIE,13.0,MASCULINO,SOLTERO,COLOMBIA,INDEPENDIENTE,-,SECUNDARIA,11001000.0,1
08/02/2018 12:00:00 AM,CUNDINAMARCA,BOGOTÁ D.C. (CT),Jueves,15:30:00,CHAPINERO CENTRAL E-2,URBANA,VIAS PUBLICAS,ARMA BLANCA / CORTOPUNZANTE,A PIE,A PIE,26.0,MASCULINO,SOLTERO,COLOMBIA,EMPLEADO PARTICULAR,-,SECUNDARIA,11001000.0,1
09/02/2018 12:00:00 AM,CUNDINAMARCA,BOGOTÁ D.C. (CT),Viernes,10:00:00,GRAN BRITALIA E-8,URBANA,POTREROS,ARMA BLANCA / CORTOPUNZANTE,A PIE,A PIE,21.0,FEMENINO,SOLTERO,COLOMBIA,DESEMPLEADO,-,SECUNDARIA,11001000.0,1
09/02/2018 12:00:00 AM,CUNDINAMARCA,BOGOTÁ D.C. (CT),Viernes,19:15:00,EL PARAISO E-19,URBANA,VIAS PUBLICAS,ARMA DE FUEGO,A PIE,A PIE,23.0,MASCULINO,SOLTERO,COLOMBIA,DESEMPLEADO,-,SECUNDARIA,11001000.0,1
10/02/2018 12:00:00 AM,CUNDINAMARCA,BOGOTÁ D.C. (CT),Sábado,8:30:00,LOS PINOS E-5,URBANA,VIAS PUBLICAS,ARMA DE FUEGO,A PIE,A PIE,37.0,MASCULINO,SOLTERO,COLOMBIA,INDEPENDIENTE,-,SECUNDARIA,11001000.0,1
10/02/2018 12:00:00 AM,CUNDINAMARCA,BOGOTÁ D.C. (CT),Sábado,21:55:00,PARCELACION EL PORVENIR E-7,URBANA,VIAS PUBLICAS,ARMA BLANCA / CORTOPUNZANTE,A PIE,A PIE,16.0,MASCULINO,SOLTERO,COLOMBIA,DESEMPLEADO,-,SECUNDARIA,11001000.0,1
10/02/2018 12:00:00 AM,CUNDINAMARCA,BOGOTÁ D.C. (CT),Sábado,18:56:00,GUADALUPE E-8,URBANA,VIAS PUBLICAS,ARMA BLANCA / CORTOPUNZANTE,A PIE,A PIE,37.0,MASCULINO,SOLTERO,COLOMBIA,INDEPENDIENTE,-,SECUNDARIA,11001000.0,1
10/02/2018 12:00:00 AM,CUNDINAMARCA,BOGOTÁ D.C. (CT),Sábado,15:24:00,LA FAVORITA E-14,URBANA,VIAS PUBLICAS,ARMA BLANCA / CORTOPUNZANTE,A PIE,A PIE,25.0,MASCULINO,SOLTERO,COLOMBIA,DESEMPLEADO,-,SECUNDARIA,11001000.0,1
10/02/2018 12:00:00 AM,CUNDINAMARCA,BOGOTÁ D.C. (CT),Sábado,19:46:00,VILLA MARIA I E-11,URBANA,"BARES, CANTINAS Y SIMILARES",ARMA DE FUEGO,A PIE,A PIE,34.0,MASCULINO,SOLTERO,COLOMBIA,INDEPENDIENTE,-,SECUNDARIA,11001000.0,1
11/02/2018 12:00:00 AM,CUNDINAMARCA,BOGOTÁ D.C. (CT),Domingo,19:15:00,LA PRIMAVERA E-19,URBANA,PANADERIAS,ARMA DE FUEGO,A PIE,A PIE,38.0,MASCULINO,SOLTERO,COLOMBIA,DESEMPLEADO,-,SECUNDARIA,11001000.0,1
11/02/2018 12:00:00 AM,CUNDINAMARCA,BOGOTÁ D.C. (CT),Domingo,3:40:00,PRIMAVERA NORTE E-10,URBANA,VIAS PUBLICAS,ARMA BLANCA / CORTOPUNZANTE,A PIE,A PIE,31.0,MASCULINO,SOLTERO,COLOMBIA,DESEMPLEADO,-,SECUNDARIA,11001000.0,1
11/02/2018 12:00:00 AM,CUNDINAMARCA,BOGOTÁ D.C. (CT),Domingo,3:20:00,CARACOLI E-19,URBANA,VIAS PUBLICAS,ARMA BLANCA / CORTOPUNZANTE,A PIE,A PIE,28.0,MASCULINO,SOLTERO,COLOMBIA,DESEMPLEADO,-,SECUNDARIA,11001000.0,1
11/02/2018 12:00:00 AM,CUNDINAMARCA,BOGOTÁ D.C. (CT),Domingo,16:25:00,LA ESTANZUELA E-14,URBANA,VIAS PUBLICAS,ARMA DE FUEGO,A PIE,A PIE,27.0,MASCULINO,UNION LIBRE,COLOMBIA,COMERCIANTE,-,SECUNDARIA,11001000.0,1
11/02/2018 12:00:00 AM,CUNDINAMARCA,BOGOTÁ D.C. (CT),Domingo,3:33:00,POTOSI E-19,URBANA,VIAS PUBLICAS,ARMA BLANCA / CORTOPUNZANTE,A PIE,A PIE,23.0,MASCULINO,SOLTERO,COLOMBIA,DESEMPLEADO,-,SECUNDARIA,11001000.0,1
12/02/2018 12:00:00 AM,CUNDINAMARCA,BOGOTÁ D.C. (CT),Lunes,19:30:00,MODELIA E-9,URBANA,VIAS PUBLICAS,ARMA DE FUEGO,A PIE,A PIE,40.0,MASCULINO,SOLTERO,COLOMBIA,INDEPENDIENTE,-,SECUNDARIA,11001000.0,1
12/02/2018 12:00:00 AM,CUNDINAMARCA,BOGOTÁ D.C. (CT),Lunes,19:51:00,BRASIL II SECTOR II ETAPA E-7,URBANA,TIENDA,ARMA DE FUEGO,A PIE,A PIE,20.0,MASCULINO,SOLTERO,COLOMBIA,INDEPENDIENTE,-,SECUNDARIA,11001000.0,1
12/02/2018 12:00:00 AM,CUNDINAMARCA,BOGOTÁ D.C. (CT),Lunes,0:24:00,SAN CARLOS E-6,URBANA,VIAS PUBLICAS,ARMA BLANCA / CORTOPUNZANTE,A PIE,A PIE,18.0,MASCULINO,SOLTERO,COLOMBIA,DESEMPLEADO,-,SECUNDARIA,11001000.0,1
01/03/2018 12:00:00 AM,CUNDINAMARCA,BOGOTÁ D.C. (CT),Jueves,21:30:00,SAN JOSE E-14,URBANA,HOSPITALES,ARMA DE FUEGO,A PIE,A PIE,22.0,MASCULINO,SOLTERO,COLOMBIA,INDEPENDIENTE,-,SECUNDARIA,11001000.0,1
01/03/2018 12:00:00 AM,CUNDINAMARCA,BOGOTÁ D.C. (CT),Jueves,7:00:00,EL PEÑON DEL CORTIJO E-19,URBANA,VIAS PUBLICAS,ARMA DE FUEGO,A PIE,A PIE,23.0,MASCULINO,SOLTERO,COLOMBIA,EMPLEADO PARTICULAR,-,SECUNDARIA,11001000.0,1
01/03/2018 12:00:00 AM,CUNDINAMARCA,BOGOTÁ D.C. (CT),Jueves,7:00:00,EL PEÑON DEL CORTIJO E-19,URBANA,VIAS PUBLICAS,ARMA DE FUEGO,A PIE,A PIE,59.0,MASCULINO,SOLTERO,COLOMBIA,EMPLEADO PARTICULAR,-,SECUNDARIA,11001000.0,1
01/03/2018 12:00:00 AM,CUNDINAMARCA,BOGOTÁ D.C. (CT),Jueves,17:20:00,LA GLORIA E-4,URBANA,VIAS PUBLICAS,ARMA BLANCA / CORTOPUNZANTE,A PIE,A PIE,18.0,MASCULINO,SOLTERO,COLOMBIA,ESTUDIANTE,-,SECUNDARIA,11001000.0,1
02/03/2018 12:00:00 AM,CUNDINAMARCA,BOGOTÁ D.C. (CT),Viernes,13:30:00,LA CABAÑA E-5,URBANA,PARQUES,ARMA BLANCA / CORTOPUNZANTE,A PIE,A PIE,24.0,MASCULINO,SOLTERO,COLOMBIA,DESEMPLEADO,-,SECUNDARIA,11001000.0,1
02/03/2018 12:00:00 AM,CUNDINAMARCA,BOGOTÁ D.C. (CT),Viernes,23:45:00,VILLA GALANTE E-8,URBANA,VIAS PUBLICAS,ARMA DE FUEGO,A PIE,A PIE,22.0,MASCULINO,SOLTERO,COLOMBIA,DESEMPLEADO,-,SECUNDARIA,11001000.0,1
02/03/2018 12:00:00 AM,CUNDINAMARCA,BOGOTÁ D.C. (CT),Viernes,9:50:00,MARRUECOS E-18,URBANA,VIAS PUBLICAS,ARMA DE FUEGO,A PIE,A PIE,48.0,MASCULINO,SOLTERO,COLOMBIA,INDEPENDIENTE,-,SECUNDARIA,11001000.0,1
02/03/2018 12:00:00 AM,CUNDINAMARCA,BOGOTÁ D.C. (CT),Viernes,17:25:00,LA CABAÑA E-5,URBANA,PARQUES,ARMA DE FUEGO,A PIE,A PIE,19.0,MASCULINO,SOLTERO,COLOMBIA,DESEMPLEADO,-,SECUNDARIA,11001000.0,1
03/03/2018 12:00:00 AM,CUNDINAMARCA,BOGOTÁ D.C. (CT),Sábado,18:45:00,EL DORADO E-3,URBANA,VIAS PUBLICAS,ARMA DE FUEGO,A PIE,A PIE,37.0,MASCULINO,UNION LIBRE,COLOMBIA,DESEMPLEADO,-,SECUNDARIA,11001000.0,1
03/03/2018 12:00:00 AM,CUNDINAMARCA,BOGOTÁ D.C. (CT),Sábado,0:53:00,LA PAZ E-12,URBANA,VIAS PUBLICAS,ARMA BLANCA / CORTOPUNZANTE,A PIE,A PIE,38.0,MASCULINO,SOLTERO,COLOMBIA,DESEMPLEADO,-,SECUNDARIA,11001000.0,1
03/03/2018 12:00:00 AM,CUNDINAMARCA,BOGOTÁ D.C. (CT),Sábado,6:41:00,GIBRALTAR E-19,URBANA,VIAS PUBLICAS,ARMA BLANCA / CORTOPUNZANTE,A PIE,A PIE,24.0,MASCULINO,SOLTERO,COLOMBIA,DESEMPLEADO,-,SECUNDARIA,11001000.0,1
04/03/2018 12:00:00 AM,CUNDINAMARCA,BOGOTÁ D.C. (CT),Domingo,5:00:00,LA CABAÑA Y LA SUERTE E-7,URBANA,CASAS DE HABITACION,ARMA BLANCA / CORTOPUNZANTE,A PIE,A PIE,21.0,MASCULINO,UNION LIBRE,COLOMBIA,INDEPENDIENTE,-,SECUNDARIA,11001000.0,1
04/03/2018 12:00:00 AM,CUNDINAMARCA,BOGOTÁ D.C. (CT),Domingo,4:00:00,CHUCUA EL BURRO E-8,URBANA,VIAS PUBLICAS,CONTUNDENTES,A PIE,A PIE,34.0,MASCULINO,SOLTERO,COLOMBIA,DESEMPLEADO,-,SECUNDARIA,11001000.0,1
04/03/2018 12:00:00 AM,CUNDINAMARCA,BOGOTÁ D.C. (CT),Domingo,0:20:00,EL CARMELO E-8,URBANA,VIAS PUBLICAS,ARMA BLANCA / CORTOPUNZANTE,A PIE,A PIE,16.0,MASCULINO,SOLTERO,COLOMBIA,ESTUDIANTE,-,SECUNDARIA,11001000.0,1
04/03/2018 12:00:00 AM,CUNDINAMARCA,BOGOTÁ D.C. (CT),Domingo,4:37:00,BELLAVISTA E-8,URBANA,VIAS PUBLICAS,ARMA DE FUEGO,A PIE,A PIE,17.0,MASCULINO,SOLTERO,COLOMBIA,ESTUDIANTE,-,SECUNDARIA,11001000.0,1
04/03/2018 12:00:00 AM,CUNDINAMARCA,BOGOTÁ D.C. (CT),Domingo,8:14:00,CARVAJAL E-8,URBANA,VIAS PUBLICAS,ARMA BLANCA / CORTOPUNZANTE,A PIE,A PIE,17.0,MASCULINO,SOLTERO,COLOMBIA,INDEPENDIENTE,-,SECUNDARIA,11001000.0,1
05/03/2018 12:00:00 AM,CUNDINAMARCA,BOGOTÁ D.C. (CT),Lunes,19:30:00,LOS MOLINOS DEL SUR E-18,URBANA,VIAS PUBLICAS,ARMA DE FUEGO,A PIE,A PIE,26.0,MASCULINO,SOLTERO,COLOMBIA,INDEPENDIENTE,-,SECUNDARIA,11001000.0,1
05/03/2018 12:00:00 AM,CUNDINAMARCA,BOGOTÁ D.C. (CT),Lunes,1:25:00,LISBOA E-11,URBANA,VIAS PUBLICAS,ARMA BLANCA / CORTOPUNZANTE,A PIE,A PIE,27.0,MASCULINO,SOLTERO,COLOMBIA,INDEPENDIENTE,-,SECUNDARIA,11001000.0,1
06/03/2018 12:00:00 AM,CUNDINAMARCA,BOGOTÁ D.C. (CT),Martes,6:05:00,LUCERO MEDIO E-19,URBANA,VIAS PUBLICAS,ARMA DE FUEGO,A PIE,A PIE,33.0,MASCULINO,SOLTERO,COLOMBIA,INDEPENDIENTE,-,SECUNDARIA,11001000.0,1
06/03/2018 12:00:00 AM,CUNDINAMARCA,BOGOTÁ D.C. (CT),Martes,21:32:00,SANTA FE E-14,URBANA,VIAS PUBLICAS,ARMA DE FUEGO,A PIE,A PIE,31.0,MASCULINO,SOLTERO,COLOMBIA,INDEPENDIENTE,-,SECUNDARIA,11001000.0,1
06/03/2018 12:00:00 AM,CUNDINAMARCA,BOGOTÁ D.C. (CT),Martes,12:54:00,MADELENA I Y II SECTOR E-19,URBANA,VIAS PUBLICAS,ARMA DE FUEGO,A PIE,A PIE,22.0,MASCULINO,SOLTERO,COLOMBIA,INDEPENDIENTE,-,SECUNDARIA,11001000.0,1
07/03/2018 12:00:00 AM,CUNDINAMARCA,BOGOTÁ D.C. (CT),Miércoles,20:20:00,GRANJAS DE SAN PABLO E-18,URBANA,VIAS PUBLICAS,ARMA BLANCA / CORTOPUNZANTE,A PIE,A PIE,20.0,MASCULINO,SOLTERO,COLOMBIA,DESEMPLEADO,-,SECUNDARIA,11001000.0,1
07/03/2018 12:00:00 AM,CUNDINAMARCA,BOGOTÁ D.C. (CT),Miércoles,18:20:00,CIUDAD KENNEDY CENTRAL E-8,URBANA,VIAS PUBLICAS,ARMA BLANCA / CORTOPUNZANTE,A PIE,A PIE,22.0,MASCULINO,SOLTERO,COLOMBIA,DESEMPLEADO,-,SECUNDARIA,11001000.0,1
07/03/2018 12:00:00 AM,CUNDINAMARCA,BOGOTÁ D.C. (CT),Miércoles,22:20:00,TIBABUYES E-11,URBANA,VIAS PUBLICAS,ARMA BLANCA / CORTOPUNZANTE,A PIE,A PIE,23.0,MASCULINO,SOLTERO,COLOMBIA,DESEMPLEADO,-,SECUNDARIA,11001000.0,1
07/03/2018 12:00:00 AM,CUNDINAMARCA,BOGOTÁ D.C. (CT),Miércoles,21:54:00,EL MOCHUELO ORIENTAL E-19,URBANA,VIAS PUBLICAS,ARMA DE FUEGO,A PIE,A PIE,24.0,MASCULINO,SOLTERO,COLOMBIA,DESEMPLEADO,-,SECUNDARIA,11001000.0,1
07/03/2018 12:00:00 AM,CUNDINAMARCA,BOGOTÁ D.C. (CT),Miércoles,21:54:00,EL MOCHUELO ORIENTAL E-19,URBANA,VIAS PUBLICAS,ARMA DE FUEGO,A PIE,A PIE,26.0,MASCULINO,SOLTERO,COLOMBIA,DESEMPLEADO,-,SECUNDARIA,11001000.0,1
07/03/2018 12:00:00 AM,CUNDINAMARCA,BOGOTÁ D.C. (CT),Miércoles,22:11:00,SAN FRANCISCO E-19,URBANA,VIAS PUBLICAS,ARMA DE FUEGO,A PIE,A PIE,33.0,MASCULINO,SOLTERO,COLOMBIA,DESEMPLEADO,-,SECUNDARIA,11001000.0,1
08/03/2018 12:00:00 AM,CUNDINAMARCA,BOGOTÁ D.C. (CT),Jueves,23:24:00,CIUDAD KENNEDY NORTE E-8,URBANA,VIAS PUBLICAS,ARMA BLANCA / CORTOPUNZANTE,-,-,26.0,MASCULINO,UNION LIBRE,COLOMBIA,INDEPENDIENTE,-,SECUNDARIA,11001000.0,1
09/03/2018 12:00:00 AM,CUNDINAMARCA,BOGOTÁ D.C. (CT),Viernes,22:05:00,LIBERTADOR SUR E-18,URBANA,CASAS DE HABITACION,ARMA DE FUEGO,A PIE,A PIE,26.0,FEMENINO,SOLTERO,COLOMBIA,INDEPENDIENTE,-,SECUNDARIA,11001000.0,1
10/03/2018 12:00:00 AM,CUNDINAMARCA,BOGOTÁ D.C. (CT),Sábado,15:00:00,CIUDAD KENNEDY NORTE E-8,URBANA,VIAS PUBLICAS,ARMA BLANCA / CORTOPUNZANTE,A PIE,A PIE,38.0,FEMENINO,UNION LIBRE,COLOMBIA,INDEPENDIENTE,-,SECUNDARIA,11001000.0,1
10/03/2018 12:00:00 AM,CUNDINAMARCA,BOGOTÁ D.C. (CT),Sábado,1:30:00,FLORIDA BLANCA E-10,URBANA,VIAS PUBLICAS,ARMA BLANCA / CORTOPUNZANTE,A PIE,A PIE,25.0,MASCULINO,SOLTERO,COLOMBIA,INDEPENDIENTE,-,SECUNDARIA,11001000.0,1
10/03/2018 12:00:00 AM,CUNDINAMARCA,BOGOTÁ D.C. (CT),Sábado,17:25:00,LA PICOTA E-18,URBANA,VIAS PUBLICAS,ARMA DE FUEGO,A PIE,A PIE,15.0,MASCULINO,SOLTERO,COLOMBIA,ESTUDIANTE,-,SECUNDARIA,11001000.0,1
11/03/2018 12:00:00 AM,CUNDINAMARCA,BOGOTÁ D.C. (CT),Domingo,4:10:00,ARBORIZADORA ALTA E-19,URBANA,VIAS PUBLICAS,ARMA BLANCA / CORTOPUNZANTE,A PIE,A PIE,37.0,MASCULINO,SOLTERO,COLOMBIA,EMPLEADO PARTICULAR,-,SECUNDARIA,11001000.0,1
12/03/2018 12:00:00 AM,CUNDINAMARCA,BOGOTÁ D.C. (CT),Lunes,12:30:00,LAS MARGARITAS E-8,URBANA,VIAS PUBLICAS,ARMA DE FUEGO,A PIE,A PIE,55.0,MASCULINO,SOLTERO,COLOMBIA,INDEPENDIENTE,-,SECUNDARIA,11001000.0,1
12/03/2018 12:00:00 AM,CUNDINAMARCA,BOGOTÁ D.C. (CT),Lunes,14:40:00,BRASILIA I SECTOR E-7,URBANA,VIAS PUBLICAS,ARMA DE FUEGO,A PIE,A PIE,55.0,MASCULINO,SOLTERO,COLOMBIA,INDEPENDIENTE,-,PRIMARIA,11001000.0,1
12/03/2018 12:00:00 AM,CUNDINAMARCA,BOGOTÁ D.C. (CT),Lunes,23:38:00,SAN CARLOS PREDIO SAN JOSE E-6,URBANA,VIAS PUBLICAS,ARMA DE FUEGO,A PIE,A PIE,25.0,MASCULINO,SOLTERO,COLOMBIA,INDEPENDIENTE,-,SECUNDARIA,11001000.0,1
12/03/2018 12:00:00 AM,CUNDINAMARCA,BOGOTÁ D.C. (CT),Lunes,21:07:00,SANTIAGO DE LAS ATALAYAS E-7,URBANA,VIAS PUBLICAS,ARMA DE FUEGO,A PIE,A PIE,44.0,MASCULINO,SOLTERO,COLOMBIA,INDEPENDIENTE,-,SECUNDARIA,11001000.0,1
01/04/2018 12:00:00 AM,CUNDINAMARCA,BOGOTÁ D.C. (CT),Domingo,14:35:00,BILBAO E-11,URBANA,VIAS PUBLICAS,ARMA DE FUEGO,A PIE,A PIE,15.0,MASCULINO,SOLTERO,COLOMBIA,INDEPENDIENTE,-,SECUNDARIA,11001000.0,1
01/04/2018 12:00:00 AM,CUNDINAMARCA,BOGOTÁ D.C. (CT),Domingo,20:56:00,VILLA DE LOS COMUNEROS E-7,URBANA,VIAS PUBLICAS,ARMA DE FUEGO,A PIE,A PIE,28.0,MASCULINO,SOLTERO,COLOMBIA,INDEPENDIENTE,-,SECUNDARIA,11001000.0,1
01/04/2018 12:00:00 AM,CUNDINAMARCA,BOGOTÁ D.C. (CT),Domingo,5:48:00,SANTA BARBARA CENTRAL E-1,URBANA,VIAS PUBLICAS,ARMA DE FUEGO,A PIE,A PIE,37.0,MASCULINO,SOLTERO,COLOMBIA,EMPLEADO PARTICULAR,-,SECUNDARIA,11001000.0,1
02/04/2018 12:00:00 AM,CUNDINAMARCA,BOGOTÁ D.C. (CT),Lunes,4:25:00,VILLA EMMA E-7,URBANA,VIAS PUBLICAS,ARMA BLANCA / CORTOPUNZANTE,A PIE,A PIE,21.0,FEMENINO,SOLTERO,COLOMBIA,DESEMPLEADO,-,SECUNDARIA,11001000.0,1
02/04/2018 12:00:00 AM,CUNDINAMARCA,BOGOTÁ D.C. (CT),Lunes,20:22:00,SANTA BIBIANA E-1,URBANA,VIAS PUBLICAS,ARMA DE FUEGO,A PIE,A PIE,40.0,MASCULINO,SOLTERO,COLOMBIA,EMPLEADO PARTICULAR,-,SECUNDARIA,11001000.0,1
02/04/2018 12:00:00 AM,CUNDINAMARCA,BOGOTÁ D.C. (CT),Lunes,4:28:00,EL RINCON E-11,URBANA,VIAS PUBLICAS,ARMA BLANCA / CORTOPUNZANTE,A PIE,A PIE,31.0,MASCULINO,UNION LIBRE,COLOMBIA,INDEPENDIENTE,-,SECUNDARIA,11001000.0,1
03/04/2018 12:00:00 AM,CUNDINAMARCA,BOGOTÁ D.C. (CT),Martes,23:10:00,MEISSEN E-19,URBANA,VIAS PUBLICAS,ARMA BLANCA / CORTOPUNZANTE,A PIE,A PIE,30.0,MASCULINO,SOLTERO,COLOMBIA,INDEPENDIENTE,-,SECUNDARIA,11001000.0,1
03/04/2018 12:00:00 AM,CUNDINAMARCA,BOGOTÁ D.C. (CT),Martes,12:50:00,LA FAVORITA E-14,URBANA,VIAS PUBLICAS,ARMA BLANCA / CORTOPUNZANTE,A PIE,A PIE,23.0,MASCULINO,SOLTERO,COLOMBIA,DESEMPLEADO,-,SECUNDARIA,11001000.0,1
03/04/2018 12:00:00 AM,CUNDINAMARCA,BOGOTÁ D.C. (CT),Martes,17:40:00,ALTOS DEL ZUQUE E-4,URBANA,DENTRO DE LA VIVIENDA,ARMA DE FUEGO,A PIE,A PIE,17.0,MASCULINO,SOLTERO,COLOMBIA,ESTUDIANTE,-,SECUNDARIA,11001000.0,1
03/04/2018 12:00:00 AM,CUNDINAMARCA,BOGOTÁ D.C. (CT),Martes,20:21:00,ATENAS E-4,URBANA,VIAS PUBLICAS,ARMA DE FUEGO,A PIE,A PIE,23.0,MASCULINO,UNION LIBRE,COLOMBIA,INDEPENDIENTE,-,SECUNDARIA,11001000.0,1
04/04/2018 12:00:00 AM,CUNDINAMARCA,BOGOTÁ D.C. (CT),Miércoles,9:15:00,RINCON DE BRITALIA E-11,URBANA,VIAS PUBLICAS,ARMA BLANCA / CORTOPUNZANTE,A PIE,A PIE,32.0,MASCULINO,UNION LIBRE,COLOMBIA,INDEPENDIENTE,-,PRIMARIA,11001000.0,1
05/04/2018 12:00:00 AM,CUNDINAMARCA,BOGOTÁ D.C. (CT),Jueves,16:20:00,LA ESTANZUELA E-14,URBANA,VIAS PUBLICAS,ARMA BLANCA / CORTOPUNZANTE,A PIE,A PIE,38.0,MASCULINO,SOLTERO,COLOMBIA,INDEPENDIENTE,-,SECUNDARIA,11001000.0,1
06/04/2018 12:00:00 AM,CUNDINAMARCA,BOGOTÁ D.C. (CT),Viernes,23:07:00,LA CONCEPCION E-7,URBANA,VIAS PUBLICAS,ARMA DE FUEGO,A PIE,A PIE,28.0,MASCULINO,SOLTERO,COLOMBIA,INDEPENDIENTE,-,SECUNDARIA,11001000.0,1
07/04/2018 12:00:00 AM,CUNDINAMARCA,BOGOTÁ D.C. (CT),Sábado,22:00:00,CLASS E-8,URBANA,VIAS PUBLICAS,ARMA BLANCA / CORTOPUNZANTE,A PIE,A PIE,18.0,MASCULINO,SOLTERO,COLOMBIA,INDEPENDIENTE,-,SECUNDARIA,11001000.0,1
07/04/2018 12:00:00 AM,CUNDINAMARCA,BOGOTÁ D.C. (CT),Sábado,22:10:00,INDUSTRIAL PENSILVANIA E-16,URBANA,VIAS PUBLICAS,ARMA DE FUEGO,A PIE,A PIE,21.0,MASCULINO,SOLTERO,COLOMBIA,INDEPENDIENTE,-,SECUNDARIA,11001000.0,1
07/04/2018 12:00:00 AM,CUNDINAMARCA,BOGOTÁ D.C. (CT),Sábado,22:54:00,ROMA E-8,RURAL,"BARES, CANTINAS Y SIMILARES",ARMA DE FUEGO,A PIE,A PIE,40.0,MASCULINO,SOLTERO,COLOMBIA,INDEPENDIENTE,-,SECUNDARIA,11001000.0,1
07/04/2018 12:00:00 AM,CUNDINAMARCA,BOGOTÁ D.C. (CT),Sábado,23:53:00,FINCA NUEVA ZELANDIA E-11,RURAL,VIAS PUBLICAS,ARMA BLANCA / CORTOPUNZANTE,A PIE,A PIE,18.0,MASCULINO,SOLTERO,COLOMBIA,INDEPENDIENTE,-,SECUNDARIA,11001000.0,1
08/04/2018 12:00:00 AM,CUNDINAMARCA,BOGOTÁ D.C. (CT),Domingo,0:20:00,COMPARTIR E-19,URBANA,ESTABLECIMIENTO PUBLICO,ARMA DE FUEGO,CONDUCTOR MOTOCICLETA,A PIE,35.0,MASCULINO,SOLTERO,COLOMBIA,INDEPENDIENTE,-,SECUNDARIA,11001000.0,1
08/04/2018 12:00:00 AM,CUNDINAMARCA,BOGOTÁ D.C. (CT),Domingo,23:50:00,COMPOSTELA I E-5,RURAL,VIAS PUBLICAS,ARMA DE FUEGO,A PIE,A PIE,17.0,MASCULINO,SOLTERO,COLOMBIA,INDEPENDIENTE,-,PRIMARIA,11001000.0,1
08/04/2018 12:00:00 AM,CUNDINAMARCA,BOGOTÁ D.C. (CT),Domingo,6:50:00,VEREDA EL MOCHUELO ALTO E-19,RURAL,VIAS PUBLICAS,ARMA DE FUEGO,A PIE,A PIE,28.0,MASCULINO,SOLTERO,COLOMBIA,EMPLEADO PARTICULAR,-,SECUNDARIA,11001000.0,1
08/04/2018 12:00:00 AM,CUNDINAMARCA,BOGOTÁ D.C. (CT),Domingo,5:50:00,GRAN BRITALIA E-8,URBANA,VIAS PUBLICAS,ARMA BLANCA / CORTOPUNZANTE,A PIE,A PIE,29.0,MASCULINO,SOLTERO,COLOMBIA,INDEPENDIENTE,-,SECUNDARIA,11001000.0,1
08/04/2018 12:00:00 AM,CUNDINAMARCA,BOGOTÁ D.C. (CT),Domingo,3:45:00,COMPARTIR E-19,URBANA,VIAS PUBLICAS,ARMA DE FUEGO,A PIE,A PIE,34.0,MASCULINO,UNION LIBRE,COLOMBIA,INDEPENDIENTE,-,SECUNDARIA,11001000.0,1
08/04/2018 12:00:00 AM,CUNDINAMARCA,BOGOTÁ D.C. (CT),Domingo,19:21:00,PARQUE LA JOYA E-19,URBANA,ESTABLECIMIENTO PUBLICO,ARMA DE FUEGO,A PIE,A PIE,51.0,MASCULINO,SOLTERO,COLOMBIA,INDEPENDIENTE,-,PRIMARIA,11001000.0,1
08/04/2018 12:00:00 AM,CUNDINAMARCA,BOGOTÁ D.C. (CT),Domingo,22:08:00,LA FORTALEZA E-5,URBANA,VIAS PUBLICAS,ARMA DE FUEGO,CONDUCTOR VEHICULO,A PIE,44.0,MASCULINO,VIUDO,COLOMBIA,INDEPENDIENTE,-,SECUNDARIA,11001000.0,1
08/04/2018 12:00:00 AM,CUNDINAMARCA,BOGOTÁ D.C. (CT),Domingo,4:23:00,LA PAZ BOSA E-7,URBANA,VIAS PUBLICAS,ARMA DE FUEGO,A PIE,A PIE,40.0,MASCULINO,SOLTERO,COLOMBIA,INDEPENDIENTE,-,SECUNDARIA,11001000.0,1
09/04/2018 12:00:00 AM,CUNDINAMARCA,BOGOTÁ D.C. (CT),Lunes,19:50:00,MANZANARES E-7,URBANA,VIAS PUBLICAS,ARMA DE FUEGO,A PIE,A PIE,20.0,MASCULINO,SOLTERO,COLOMBIA,INDEPENDIENTE,-,SECUNDARIA,11001000.0,1
09/04/2018 12:00:00 AM,CUNDINAMARCA,BOGOTÁ D.C. (CT),Lunes,19:50:00,MANZANARES E-7,URBANA,VIAS PUBLICAS,ARMA DE FUEGO,A PIE,A PIE,24.0,FEMENINO,SOLTERO,COLOMBIA,INDEPENDIENTE,-,SECUNDARIA,11001000.0,1
09/04/2018 12:00:00 AM,CUNDINAMARCA,BOGOTÁ D.C. (CT),Lunes,20:21:00,ANDALUCIA E-7,URBANA,CASAS DE HABITACION,CONTUNDENTES,A PIE,A PIE,29.0,MASCULINO,SOLTERO,COLOMBIA,EMPLEADO PARTICULAR,-,SECUNDARIA,11001000.0,1
09/04/2018 12:00:00 AM,CUNDINAMARCA,BOGOTÁ D.C. (CT),Lunes,0:44:00,LOS LACHES E-3,URBANA,CASAS DE HABITACION,CONTUNDENTES,A PIE,A PIE,29.0,MASCULINO,UNION LIBRE,COLOMBIA,EMPLEADO POLICIAL,TECNICO PROFESIONAL EN SERVICIO DE POLICIA,TECNICO,11001000.0,1
10/04/2018 12:00:00 AM,CUNDINAMARCA,BOGOTÁ D.C. (CT),Martes,20:30:00,NUEVA ARGENTINA E-19,URBANA,VIAS PUBLICAS,ARMA DE FUEGO,A PIE,A PIE,17.0,MASCULINO,SOLTERO,COLOMBIA,INDEPENDIENTE,-,SECUNDARIA,11001000.0,1
10/04/2018 12:00:00 AM,CUNDINAMARCA,BOGOTÁ D.C. (CT),Martes,20:10:00,VISTA HERMOSA SECTOR EL ESPINAL E-19,URBANA,CASAS DE HABITACION,ARMA DE FUEGO,A PIE,A PIE,34.0,FEMENINO,UNION LIBRE,COLOMBIA,INDEPENDIENTE,-,SECUNDARIA,11001000.0,1
10/04/2018 12:00:00 AM,CUNDINAMARCA,BOGOTÁ D.C. (CT),Martes,12:53:00,SAN JOSE II SECTOR A E-7,URBANA,CASAS DE HABITACION,ARMA DE FUEGO,A PIE,A PIE,52.0,MASCULINO,UNION LIBRE,COLOMBIA,INDEPENDIENTE,-,PRIMARIA,11001000.0,1
11/04/2018 12:00:00 AM,CUNDINAMARCA,BOGOTÁ D.C. (CT),Miércoles,23:43:00,LA SABANA E-14,URBANA,VIAS PUBLICAS,ARMA BLANCA / CORTOPUNZANTE,A PIE,A PIE,35.0,MASCULINO,SOLTERO,COLOMBIA,DESEMPLEADO,-,PRIMARIA,11001000.0,1
11/04/2018 12:00:00 AM,CUNDINAMARCA,BOGOTÁ D.C. (CT),Miércoles,8:53:00,LA VICTORIA E-4,URBANA,CASAS DE HABITACION,ARMA BLANCA / CORTOPUNZANTE,A PIE,A PIE,45.0,MASCULINO,SOLTERO,COLOMBIA,INDEPENDIENTE,-,PRIMARIA,11001000.0,1
12/04/2018 12:00:00 AM,CUNDINAMARCA,BOGOTÁ D.C. (CT),Jueves,7:30:00,CLASS E-8,URBANA,VIAS PUBLICAS,ARMA DE FUEGO,A PIE,A PIE,29.0,MASCULINO,SOLTERO,COLOMBIA,INDEPENDIENTE,-,SECUNDARIA,11001000.0,1
12/04/2018 12:00:00 AM,CUNDINAMARCA,BOGOTÁ D.C. (CT),Jueves,21:40:00,VOTO NACIONAL E-14,URBANA,VIAS PUBLICAS,ARMA DE FUEGO,A PIE,A PIE,42.0,MASCULINO,SOLTERO,COLOMBIA,INDEPENDIENTE,-,SECUNDARIA,11001000.0,1
01/05/2018 12:00:00 AM,CUNDINAMARCA,BOGOTÁ D.C. (CT),Martes,22:40:00,BARRANQUILLITA E-5,URBANA,FRENTE A RESIDENCIAS - VIA PUBLICA,ARMA DE FUEGO,A PIE,A PIE,30.0,MASCULINO,CASADO,COLOMBIA,EMPLEADO PARTICULAR,-,SECUNDARIA,11001000.0,1
01/05/2018 12:00:00 AM,CUNDINAMARCA,BOGOTÁ D.C. (CT),Martes,3:09:00,SAN ANTONIO DE ENGATIVA E-10,URBANA,VIAS PUBLICAS,ARMA BLANCA / CORTOPUNZANTE,A PIE,A PIE,40.0,MASCULINO,SOLTERO,COLOMBIA,INDEPENDIENTE,-,SECUNDARIA,11001000.0,1
02/05/2018 12:00:00 AM,CUNDINAMARCA,BOGOTÁ D.C. (CT),Miércoles,20:50:00,SANTA LUCIA E-18,URBANA,VIAS PUBLICAS,ARMA BLANCA / CORTOPUNZANTE,A PIE,A PIE,16.0,MASCULINO,SOLTERO,COLOMBIA,INDEPENDIENTE,-,SECUNDARIA,11001000.0,1
02/05/2018 12:00:00 AM,CUNDINAMARCA,BOGOTÁ D.C. (CT),Miércoles,13:50:00,LA GAITANA E-11,RURAL,BOSQUES,ARMA DE FUEGO,A PIE,A PIE,23.0,MASCULINO,SOLTERO,COLOMBIA,INDEPENDIENTE,-,SECUNDARIA,11001000.0,1
02/05/2018 12:00:00 AM,CUNDINAMARCA,BOGOTÁ D.C. (CT),Miércoles,12:02:00,MINUTO DE MARÍA E-19,RURAL,VIAS PUBLICAS,ARMA BLANCA / CORTOPUNZANTE,A PIE,A PIE,33.0,MASCULINO,UNION LIBRE,COLOMBIA,INDEPENDIENTE,-,SECUNDARIA,11001000.0,1
03/05/2018 12:00:00 AM,CUNDINAMARCA,BOGOTÁ D.C. (CT),Jueves,21:30:00,DOMINGO LAIN III E-19,URBANA,VIAS PUBLICAS,ARMA BLANCA / CORTOPUNZANTE,A PIE,A PIE,33.0,MASCULINO,SOLTERO,COLOMBIA,INDEPENDIENTE,-,SECUNDARIA,11001000.0,1
03/05/2018 12:00:00 AM,CUNDINAMARCA,BOGOTÁ D.C. (CT),Jueves,21:00:00,LAS MARGARITAS E-8,URBANA,VIAS PUBLICAS,ARMA DE FUEGO,A PIE,A PIE,32.0,MASCULINO,SOLTERO,COLOMBIA,EMPLEADO PARTICULAR,-,SUPERIOR,11001000.0,1
03/05/2018 12:00:00 AM,CUNDINAMARCA,BOGOTÁ D.C. (CT),Jueves,14:00:00,LUCERO BAJO E-19,URBANA,CASAS DE HABITACION,ARMA BLANCA / CORTOPUNZANTE,A PIE,A PIE,34.0,MASCULINO,SOLTERO,COLOMBIA,DESEMPLEADO,-,PRIMARIA,11001000.0,1
03/05/2018 12:00:00 AM,CUNDINAMARCA,BOGOTÁ D.C. (CT),Jueves,20:39:00,LA LIBERTAD E-7,URBANA,VIAS PUBLICAS,ARMA BLANCA / CORTOPUNZANTE,A PIE,A PIE,23.0,MASCULINO,SOLTERO,COLOMBIA,INDEPENDIENTE,-,SECUNDARIA,11001000.0,1
04/05/2018 12:00:00 AM,CUNDINAMARCA,BOGOTÁ D.C. (CT),Viernes,20:30:00,GALERIAS E-13,URBANA,VIAS PUBLICAS,CONTUNDENTES,A PIE,A PIE,44.0,MASCULINO,SOLTERO,COLOMBIA,INDEPENDIENTE,-,SECUNDARIA,11001000.0,1
05/05/2018 12:00:00 AM,CUNDINAMARCA,BOGOTÁ D.C. (CT),Sábado,19:30:00,SAN ANDRES E-8,RURAL,VIAS PUBLICAS,ARMA DE FUEGO,A PIE,A PIE,16.0,MASCULINO,SOLTERO,COLOMBIA,INDEPENDIENTE,-,SECUNDARIA,11001000.0,1
05/05/2018 12:00:00 AM,CUNDINAMARCA,BOGOTÁ D.C. (CT),Sábado,16:20:00,RICAURTE E-14,URBANA,PUENTE,CONTUNDENTES,A PIE,A PIE,34.0,FEMENINO,SOLTERO,COLOMBIA,DESEMPLEADO,-,PRIMARIA,11001000.0,1
05/05/2018 12:00:00 AM,CUNDINAMARCA,BOGOTÁ D.C. (CT),Sábado,22:45:00,LAS CRUCES E-3,RURAL,VIAS PUBLICAS,ARMA DE FUEGO,A PIE,A PIE,41.0,MASCULINO,UNION LIBRE,COLOMBIA,INDEPENDIENTE,-,SECUNDARIA,11001000.0,1
05/05/2018 12:00:00 AM,CUNDINAMARCA,BOGOTÁ D.C. (CT),Sábado,1:06:00,PUENTE ARANDA E-16,URBANA,"BARES, CANTINAS Y SIMILARES",ARMA DE FUEGO,A PIE,A PIE,28.0,MASCULINO,SOLTERO,COLOMBIA,EMPLEADO PARTICULAR,-,SECUNDARIA,11001000.0,1
06/05/2018 12:00:00 AM,CUNDINAMARCA,BOGOTÁ D.C. (CT),Domingo,14:30:00,SANTA RITA E-4,URBANA,VIAS PUBLICAS,ARMA DE FUEGO,A PIE,A PIE,30.0,FEMENINO,UNION LIBRE,COLOMBIA,INDEPENDIENTE,-,SECUNDARIA,11001000.0,1
06/05/2018 12:00:00 AM,CUNDINAMARCA,BOGOTÁ D.C. (CT),Domingo,5:00:00,DANUBIO AZUL E-5,URBANA,VIAS PUBLICAS,ARMA DE FUEGO,A PIE,A PIE,38.0,MASCULINO,UNION LIBRE,COLOMBIA,INDEPENDIENTE,-,SECUNDARIA,11001000.0,1
06/05/2018 12:00:00 AM,CUNDINAMARCA,BOGOTÁ D.C. (CT),Domingo,3:40:00,LA ACACIA E-19,URBANA,CASAS DE HABITACION,ARMA BLANCA / CORTOPUNZANTE,A PIE,A PIE,55.0,MASCULINO,UNION LIBRE,COLOMBIA,INDEPENDIENTE,-,SECUNDARIA,11001000.0,1
06/05/2018 12:00:00 AM,CUNDINAMARCA,BOGOTÁ D.C. (CT),Domingo,1:35:00,VISTA HERMOSA SECTOR EL CAPRI E-19,URBANA,VIAS PUBLICAS,ARMA DE FUEGO,A PIE,A PIE,22.0,MASCULINO,SOLTERO,COLOMBIA,DESEMPLEADO,-,SECUNDARIA,11001000.0,1
06/05/2018 12:00:00 AM,CUNDINAMARCA,BOGOTÁ D.C. (CT),Domingo,0:43:00,EL JAPON E-11,URBANA,"BARES, CANTINAS Y SIMILARES",ARMA BLANCA / CORTOPUNZANTE,A PIE,A PIE,49.0,MASCULINO,SOLTERO,COLOMBIA,INDEPENDIENTE,-,SECUNDARIA,11001000.0,1
06/05/2018 12:00:00 AM,CUNDINAMARCA,BOGOTÁ D.C. (CT),Domingo,4:02:00,SAN BERNARDINO E-7,URBANA,VIAS PUBLICAS,ARMA BLANCA / CORTOPUNZANTE,A PIE,A PIE,39.0,MASCULINO,SOLTERO,COLOMBIA,INDEPENDIENTE,-,SECUNDARIA,11001000.0,1
06/05/2018 12:00:00 AM,CUNDINAMARCA,BOGOTÁ D.C. (CT),Domingo,16:27:00,LA FAVORITA E-14,URBANA,VIAS PUBLICAS,CONTUNDENTES,A PIE,A PIE,41.0,MASCULINO,SOLTERO,COLOMBIA,DESEMPLEADO,-,PRIMARIA,11001000.0,1
06/05/2018 12:00:00 AM,CUNDINAMARCA,BOGOTÁ D.C. (CT),Domingo,5:02:00,FONTIBON CENTRO E-9,URBANA,VIAS PUBLICAS,ARMA BLANCA / CORTOPUNZANTE,A PIE,A PIE,33.0,MASCULINO,SOLTERO,COLOMBIA,INDEPENDIENTE,-,SECUNDARIA,11001000.0,1
07/05/2018 12:00:00 AM,CUNDINAMARCA,BOGOTÁ D.C. (CT),Lunes,21:15:00,LOS SAUCES E-16,URBANA,VIAS PUBLICAS,ARMA DE FUEGO,A PIE,A PIE,36.0,MASCULINO,CASADO,COLOMBIA,INDEPENDIENTE,-,SECUNDARIA,11001000.0,1
07/05/2018 12:00:00 AM,CUNDINAMARCA,BOGOTÁ D.C. (CT),Lunes,4:13:00,COUNTRY SUR E-18,URBANA,VIAS PUBLICAS,ARMA BLANCA / CORTOPUNZANTE,A PIE,A PIE,52.0,MASCULINO,SOLTERO,COLOMBIA,INDEPENDIENTE,-,SECUNDARIA,11001000.0,1
07/05/2018 12:00:00 AM,CUNDINAMARCA,BOGOTÁ D.C. (CT),Lunes,0:12:00,INDUSTRIAL PENSILVANIA E-16,URBANA,VIAS PUBLICAS,ARMA DE FUEGO,A PIE,A PIE,41.0,MASCULINO,SOLTERO,COLOMBIA,DESEMPLEADO,-,PRIMARIA,11001000.0,1
09/05/2018 12:00:00 AM,CUNDINAMARCA,BOGOTÁ D.C. (CT),Miércoles,13:00:00,BOLONIA E-5,URBANA,VIAS PUBLICAS,ARMA DE FUEGO,A PIE,A PIE,45.0,MASCULINO,UNION LIBRE,COLOMBIA,INDEPENDIENTE,-,SECUNDARIA,11001000.0,1
09/05/2018 12:00:00 AM,CUNDINAMARCA,BOGOTÁ D.C. (CT),Miércoles,13:00:00,LA MARIA E-19,URBANA,VIAS PUBLICAS,ARMA DE FUEGO,A PIE,A PIE,24.0,MASCULINO,UNION LIBRE,COLOMBIA,INDEPENDIENTE,-,PRIMARIA,11001000.0,1
09/05/2018 12:00:00 AM,CUNDINAMARCA,BOGOTÁ D.C. (CT),Miércoles,19:04:00,QUIBA E-19,URBANA,PARADERO DE BUSES,ARMA DE FUEGO,A PIE,A PIE,33.0,MASCULINO,UNION LIBRE,COLOMBIA,INDEPENDIENTE,-,SECUNDARIA,11001000.0,1
10/05/2018 12:00:00 AM,CUNDINAMARCA,BOGOTÁ D.C. (CT),Jueves,16:40:00,EDUARDO SANTOS E-14,URBANA,VIAS PUBLICAS,ARMA DE FUEGO,A PIE,A PIE,31.0,MASCULINO,SOLTERO,COLOMBIA,INDEPENDIENTE,-,SECUNDARIA,11001000.0,1
10/05/2018 12:00:00 AM,CUNDINAMARCA,BOGOTÁ D.C. (CT),Jueves,21:25:00,PUENTE COLORADO E-4,URBANA,VIAS PUBLICAS,ARMA DE FUEGO,A PIE,CONDUCTOR BUS,32.0,MASCULINO,SOLTERO,COLOMBIA,EMPLEADO PARTICULAR,-,SECUNDARIA,11001000.0,1
11/05/2018 12:00:00 AM,CUNDINAMARCA,BOGOTÁ D.C. (CT),Viernes,21:30:00,GALICIA E-19,URBANA,VIAS PUBLICAS,ARMA DE FUEGO,A PIE,A PIE,36.0,MASCULINO,SOLTERO,COLOMBIA,DESEMPLEADO,-,SECUNDARIA,11001000.0,1
11/05/2018 12:00:00 AM,CUNDINAMARCA,BOGOTÁ D.C. (CT),Viernes,1:30:00,EL MOCHUELO ORIENTAL E-19,URBANA,LOTE BALDIO,ARMA DE FUEGO,A PIE,A PIE,45.0,MASCULINO,SOLTERO,COLOMBIA,DESEMPLEADO,-,SECUNDARIA,11001000.0,1
11/05/2018 12:00:00 AM,CUNDINAMARCA,BOGOTÁ D.C. (CT),Viernes,1:18:00,CASA GRANDE E-19,URBANA,VIAS PUBLICAS,CONTUNDENTES,A PIE,A PIE,34.0,MASCULINO,SOLTERO,COLOMBIA,DESEMPLEADO,-,SECUNDARIA,11001000.0,1
12/05/2018 12:00:00 AM,CUNDINAMARCA,BOGOTÁ D.C. (CT),Sábado,23:30:00,SIMON BOLIVAR E-12,URBANA,VIAS PUBLICAS,ARMA BLANCA / CORTOPUNZANTE,A PIE,A PIE,37.0,MASCULINO,UNION LIBRE,COLOMBIA,INDEPENDIENTE,-,SECUNDARIA,11001000.0,1
12/05/2018 12:00:00 AM,CUNDINAMARCA,BOGOTÁ D.C. (CT),Sábado,11:10:00,LAS MARGARITAS E-8,URBANA,VIAS PUBLICAS,ARMA DE FUEGO,A PIE,A PIE,31.0,MASCULINO,SOLTERO,COLOMBIA,INDEPENDIENTE,-,SECUNDARIA,11001000.0,1
01/06/2018 12:00:00 AM,CUNDINAMARCA,BOGOTÁ D.C. (CT),Viernes,21:10:00,BRITALIA ALTA E-11,RURAL,VIAS PUBLICAS,ARMA DE FUEGO,A PIE,A PIE,22.0,MASCULINO,SOLTERO,COLOMBIA,EMPLEADO POLICIAL,TECNICO PROFESIONAL EN SERVICIO DE POLICIA,TECNICO,11001000.0,1
02/06/2018 12:00:00 AM,CUNDINAMARCA,BOGOTÁ D.C. (CT),Sábado,10:45:00,PALOQUEMAO E-14,URBANA,VIAS PUBLICAS,ARMA DE FUEGO,A PIE,A PIE,47.0,MASCULINO,SOLTERO,COLOMBIA,INDEPENDIENTE,-,SECUNDARIA,11001000.0,1
02/06/2018 12:00:00 AM,CUNDINAMARCA,BOGOTÁ D.C. (CT),Sábado,19:36:00,GUACAMAYAS I-II E-4,RURAL,VIAS PUBLICAS,ARMA DE FUEGO,A PIE,A PIE,33.0,MASCULINO,SOLTERO,COLOMBIA,INDEPENDIENTE,-,SECUNDARIA,11001000.0,1
02/06/2018 12:00:00 AM,CUNDINAMARCA,BOGOTÁ D.C. (CT),Sábado,3:14:00,CANDELARIA III-IV E-19,URBANA,VIAS PUBLICAS,ARMA BLANCA / CORTOPUNZANTE,A PIE,A PIE,32.0,MASCULINO,SOLTERO,VENEZUELA,INDEPENDIENTE,-,SECUNDARIA,11001000.0,1
02/06/2018 12:00:00 AM,CUNDINAMARCA,BOGOTÁ D.C. (CT),Sábado,15:21:00,EL REFUGIO E-5,URBANA,RIOS,CONTUNDENTES,A PIE,A PIE,30.0,MASCULINO,SOLTERO,COLOMBIA,INDEPENDIENTE,-,SECUNDARIA,11001000.0,1
03/06/2018 12:00:00 AM,CUNDINAMARCA,BOGOTÁ D.C. (CT),Domingo,19:30:00,VISTA HERMOSA E-19,URBANA,VIAS PUBLICAS,ARMA DE FUEGO,A PIE,A PIE,19.0,MASCULINO,SOLTERO,COLOMBIA,INDEPENDIENTE,-,SECUNDARIA,11001000.0,1
03/06/2018 12:00:00 AM,CUNDINAMARCA,BOGOTÁ D.C. (CT),Domingo,18:00:00,RESTREPO E-15,URBANA,"BARES, CANTINAS Y SIMILARES",ARMA DE FUEGO,A PIE,A PIE,78.0,MASCULINO,SOLTERO,COLOMBIA,COMERCIANTE,-,SECUNDARIA,11001000.0,1
03/06/2018 12:00:00 AM,CUNDINAMARCA,BOGOTÁ D.C. (CT),Domingo,22:40:00,LAGO GAITAN E-2,URBANA,VIAS PUBLICAS,ARMA DE FUEGO,A PIE,A PIE,35.0,MASCULINO,SOLTERO,COLOMBIA,DESEMPLEADO,-,PRIMARIA,11001000.0,1
03/06/2018 12:00:00 AM,CUNDINAMARCA,BOGOTÁ D.C. (CT),Domingo,3:19:00,DINDALITO E-8,URBANA,VIAS PUBLICAS,ARMA BLANCA / CORTOPUNZANTE,A PIE,A PIE,38.0,MASCULINO,SOLTERO,COLOMBIA,INDEPENDIENTE,-,SECUNDARIA,11001000.0,1
03/06/2018 12:00:00 AM,CUNDINAMARCA,BOGOTÁ D.C. (CT),Domingo,20:27:00,MURILLO TORO E-18,URBANA,CASAS DE HABITACION,ARMA DE FUEGO,A PIE,A PIE,49.0,MASCULINO,UNION LIBRE,COLOMBIA,INDEPENDIENTE,-,PRIMARIA,11001000.0,1
04/06/2018 12:00:00 AM,CUNDINAMARCA,BOGOTÁ D.C. (CT),Lunes,23:20:00,LAS CRUCES E-3,URBANA,VIAS PUBLICAS,ARMA BLANCA / CORTOPUNZANTE,A PIE,A PIE,19.0,MASCULINO,SOLTERO,COLOMBIA,INDEPENDIENTE,-,PRIMARIA,11001000.0,1
04/06/2018 12:00:00 AM,CUNDINAMARCA,BOGOTÁ D.C. (CT),Lunes,9:38:00,LA FAVORITA E-14,URBANA,VIAS PUBLICAS,ARMA DE FUEGO,A PIE,A PIE,30.0,MASCULINO,UNION LIBRE,COLOMBIA,INDEPENDIENTE,-,SECUNDARIA,11001000.0,1
05/06/2018 12:00:00 AM,CUNDINAMARCA,BOGOTÁ D.C. (CT),Martes,23:52:00,LLANO GRANDE E-8,URBANA,VIAS PUBLICAS,ARMA BLANCA / CORTOPUNZANTE,A PIE,A PIE,22.0,MASCULINO,SOLTERO,COLOMBIA,DESEMPLEADO,-,PRIMARIA,11001000.0,1
06/06/2018 12:00:00 AM,CUNDINAMARCA,BOGOTÁ D.C. (CT),Miércoles,11:10:00,LAS MARGARITAS E-8,URBANA,VIAS PUBLICAS,ARMA BLANCA / CORTOPUNZANTE,A PIE,A PIE,27.0,MASCULINO,SOLTERO,COLOMBIA,INDEPENDIENTE,-,PRIMARIA,11001000.0,1
08/06/2018 12:00:00 AM,CUNDINAMARCA,BOGOTÁ D.C. (CT),Viernes,20:00:00,BARRANQUILLITA E-5,RURAL,BOSQUES,NO REPORTADO,-,-,28.0,FEMENINO,SOLTERO,COLOMBIA,DESEMPLEADO,-,SECUNDARIA,11001000.0,1
08/06/2018 12:00:00 AM,CUNDINAMARCA,BOGOTÁ D.C. (CT),Viernes,21:30:00,ARBORIZADORA BAJA E-19,URBANA,VIAS PUBLICAS,ARMA DE FUEGO,A PIE,A PIE,46.0,MASCULINO,SOLTERO,COLOMBIA,DESEMPLEADO,-,SECUNDARIA,11001000.0,1
08/06/2018 12:00:00 AM,CUNDINAMARCA,BOGOTÁ D.C. (CT),Viernes,21:06:00,VILLA GLORIA E-19,URBANA,VIAS PUBLICAS,ARMA DE FUEGO,A PIE,A PIE,31.0,MASCULINO,SOLTERO,COLOMBIA,INDEPENDIENTE,-,ANALFABETA,11001000.0,1
08/06/2018 12:00:00 AM,CUNDINAMARCA,BOGOTÁ D.C. (CT),Viernes,11:32:00,DIANA TURBAY E-18,RURAL,VIAS PUBLICAS,ARMA BLANCA / CORTOPUNZANTE,A PIE,A PIE,32.0,MASCULINO,SOLTERO,COLOMBIA,DESEMPLEADO,-,PRIMARIA,11001000.0,1
09/06/2018 12:00:00 AM,CUNDINAMARCA,BOGOTÁ D.C. (CT),Sábado,20:17:00,GALAN E-16,URBANA,VIAS PUBLICAS,ARMA BLANCA / CORTOPUNZANTE,A PIE,A PIE,24.0,MASCULINO,SOLTERO,COLOMBIA,INDEPENDIENTE,-,SECUNDARIA,11001000.0,1
10/06/2018 12:00:00 AM,CUNDINAMARCA,BOGOTÁ D.C. (CT),Domingo,3:08:00,CARACOLI E-19,URBANA,VIAS PUBLICAS,ARMA BLANCA / CORTOPUNZANTE,A PIE,A PIE,23.0,MASCULINO,SOLTERO,COLOMBIA,EMPLEADO PARTICULAR,-,SECUNDARIA,11001000.0,1
10/06/2018 12:00:00 AM,CUNDINAMARCA,BOGOTÁ D.C. (CT),Domingo,8:11:00,EL MUELLE E-10,URBANA,VIAS PUBLICAS,ARMA BLANCA / CORTOPUNZANTE,A PIE,A PIE,64.0,MASCULINO,SOLTERO,COLOMBIA,EMPLEADO PARTICULAR,-,PRIMARIA,11001000.0,1
11/06/2018 12:00:00 AM,CUNDINAMARCA,BOGOTÁ D.C. (CT),Lunes,21:30:00,NORMANDIA E-10,URBANA,VIAS PUBLICAS,ARMA DE FUEGO,A PIE,A PIE,46.0,MASCULINO,SOLTERO,COLOMBIA,INDEPENDIENTE,-,SECUNDARIA,11001000.0,1
11/06/2018 12:00:00 AM,CUNDINAMARCA,BOGOTÁ D.C. (CT),Lunes,21:40:00,EL POA E-11,URBANA,VIAS PUBLICAS,ARMA BLANCA / CORTOPUNZANTE,A PIE,A PIE,31.0,MASCULINO,SOLTERO,COLOMBIA,INDEPENDIENTE,-,SECUNDARIA,11001000.0,1
11/06/2018 12:00:00 AM,CUNDINAMARCA,BOGOTÁ D.C. (CT),Lunes,0:20:00,PATIO BONITO I E-8,URBANA,VIAS PUBLICAS,ARMA BLANCA / CORTOPUNZANTE,A PIE,A PIE,21.0,MASCULINO,SOLTERO,COLOMBIA,INDEPENDIENTE,-,SECUNDARIA,11001000.0,1
11/06/2018 12:00:00 AM,CUNDINAMARCA,BOGOTÁ D.C. (CT),Lunes,13:45:00,JUAN REY E-4,URBANA,VIAS PUBLICAS,ARMA DE FUEGO,A PIE,A PIE,41.0,MASCULINO,SOLTERO,COLOMBIA,INDEPENDIENTE,-,SECUNDARIA,11001000.0,1
11/06/2018 12:00:00 AM,CUNDINAMARCA,BOGOTÁ D.C. (CT),Lunes,13:45:00,SAN JUAN DE USME E-5,URBANA,VIAS PUBLICAS,ARMA DE FUEGO,A PIE,A PIE,20.0,FEMENINO,SOLTERO,COLOMBIA,INDEPENDIENTE,-,SECUNDARIA,11001000.0,1
11/06/2018 12:00:00 AM,CUNDINAMARCA,BOGOTÁ D.C. (CT),Lunes,2:22:00,EL PARAISO E-19,URBANA,VIAS PUBLICAS,ARMA BLANCA / CORTOPUNZANTE,A PIE,A PIE,24.0,MASCULINO,SOLTERO,COLOMBIA,INDEPENDIENTE,-,SECUNDARIA,11001000.0,1
12/06/2018 12:00:00 AM,CUNDINAMARCA,BOGOTÁ D.C. (CT),Martes,20:01:00,SANTA ROSA E-10,URBANA,CASAS DE HABITACION,ARMA BLANCA / CORTOPUNZANTE,A PIE,A PIE,87.0,MASCULINO,SOLTERO,COLOMBIA,PENSIONADO,-,SECUNDARIA,11001000.0,1
01/07/2018 12:00:00 AM,CUNDINAMARCA,BOGOTÁ D.C. (CT),Domingo,11:00:00,VEREDA TIBAQUE E-4,RURAL,BOSQUES,ARMA DE FUEGO,A PIE,A PIE,39.0,FEMENINO,SOLTERO,COLOMBIA,INDEPENDIENTE,-,SECUNDARIA,11001000.0,1
01/07/2018 12:00:00 AM,CUNDINAMARCA,BOGOTÁ D.C. (CT),Domingo,3:00:00,CARACOLI E-19,URBANA,VIAS PUBLICAS,ARMA DE FUEGO,A PIE,A PIE,27.0,MASCULINO,SOLTERO,COLOMBIA,INDEPENDIENTE,-,SECUNDARIA,11001000.0,1
01/07/2018 12:00:00 AM,CUNDINAMARCA,BOGOTÁ D.C. (CT),Domingo,2:51:00,AURES II E-11,URBANA,VIAS PUBLICAS,ARMA BLANCA / CORTOPUNZANTE,A PIE,A PIE,27.0,MASCULINO,SOLTERO,COLOMBIA,INDEPENDIENTE,-,SECUNDARIA,11001000.0,1
02/07/2018 12:00:00 AM,CUNDINAMARCA,BOGOTÁ D.C. (CT),Lunes,21:00:00,EL TESORO E-19,URBANA,VIAS PUBLICAS,ARMA DE FUEGO,A PIE,A PIE,25.0,MASCULINO,SOLTERO,COLOMBIA,INDEPENDIENTE,-,SECUNDARIA,11001000.0,1
02/07/2018 12:00:00 AM,CUNDINAMARCA,BOGOTÁ D.C. (CT),Lunes,2:25:00,LA VICTORIA E-4,URBANA,VIAS PUBLICAS,ARMA DE FUEGO,A PIE,A PIE,55.0,MASCULINO,SOLTERO,COLOMBIA,INDEPENDIENTE,-,SECUNDARIA,11001000.0,1
03/07/2018 12:00:00 AM,CUNDINAMARCA,BOGOTÁ D.C. (CT),Martes,0:25:00,LA GAITANA E-11,URBANA,VIAS PUBLICAS,ARMA BLANCA / CORTOPUNZANTE,A PIE,A PIE,35.0,MASCULINO,SOLTERO,COLOMBIA,INDEPENDIENTE,-,SECUNDARIA,11001000.0,1
03/07/2018 12:00:00 AM,CUNDINAMARCA,BOGOTÁ D.C. (CT),Martes,2:58:00,CIUDAD JARDIN E-11,URBANA,CASAS DE HABITACION,CUERDA/SOGA/CADENA,A PIE,A PIE,51.0,MASCULINO,CASADO,COLOMBIA,INDEPENDIENTE,-,SECUNDARIA,11001000.0,1
04/07/2018 12:00:00 AM,CUNDINAMARCA,BOGOTÁ D.C. (CT),Miércoles,0:10:00,CARACOLI E-19,URBANA,VIAS PUBLICAS,ARMA BLANCA / CORTOPUNZANTE,A PIE,A PIE,20.0,MASCULINO,SOLTERO,COLOMBIA,DESEMPLEADO,-,SECUNDARIA,11001000.0,1
04/07/2018 12:00:00 AM,CUNDINAMARCA,BOGOTÁ D.C. (CT),Miércoles,22:54:00,SANTA ISABEL E-14,URBANA,VIAS PUBLICAS,ARMA BLANCA / CORTOPUNZANTE,A PIE,A PIE,37.0,MASCULINO,SOLTERO,COLOMBIA,EMPLEADO PARTICULAR,-,SECUNDARIA,11001000.0,1
04/07/2018 12:00:00 AM,CUNDINAMARCA,BOGOTÁ D.C. (CT),Miércoles,23:36:00,EL PINAR E-11,URBANA,VIAS PUBLICAS,ARMA BLANCA / CORTOPUNZANTE,A PIE,A PIE,22.0,MASCULINO,SOLTERO,COLOMBIA,EMPLEADO PARTICULAR,-,SECUNDARIA,11001000.0,1
05/07/2018 12:00:00 AM,CUNDINAMARCA,BOGOTÁ D.C. (CT),Jueves,22:55:00,SAN MIGUEL E-4,URBANA,VIAS PUBLICAS,ARMA BLANCA / CORTOPUNZANTE,A PIE,A PIE,37.0,MASCULINO,UNION LIBRE,COLOMBIA,INDEPENDIENTE,-,SECUNDARIA,11001000.0,1
05/07/2018 12:00:00 AM,CUNDINAMARCA,BOGOTÁ D.C. (CT),Jueves,22:12:00,JUAN PABLO II E-19,URBANA,VIAS PUBLICAS,ARMA DE FUEGO,A PIE,A PIE,39.0,MASCULINO,SOLTERO,COLOMBIA,INDEPENDIENTE,-,SECUNDARIA,11001000.0,1
05/07/2018 12:00:00 AM,CUNDINAMARCA,BOGOTÁ D.C. (CT),Jueves,22:13:00,LOS ALPES E-19,URBANA,VIAS PUBLICAS,ARMA DE FUEGO,A PIE,A PIE,27.0,MASCULINO,SOLTERO,COLOMBIA,INDEPENDIENTE,-,SECUNDARIA,11001000.0,1
06/07/2018 12:00:00 AM,CUNDINAMARCA,BOGOTÁ D.C. (CT),Viernes,20:50:00,LA FAVORITA E-14,URBANA,VIAS PUBLICAS,ARMA DE FUEGO,A PIE,A PIE,36.0,MASCULINO,SOLTERO,COLOMBIA,INDEPENDIENTE,-,SECUNDARIA,11001000.0,1
06/07/2018 12:00:00 AM,CUNDINAMARCA,BOGOTÁ D.C. (CT),Viernes,23:45:00,CASABLANCA I E-8,URBANA,VIAS PUBLICAS,ARMA BLANCA / CORTOPUNZANTE,A PIE,A PIE,47.0,MASCULINO,UNION LIBRE,COLOMBIA,DESEMPLEADO,-,SECUNDARIA,11001000.0,1
07/07/2018 12:00:00 AM,CUNDINAMARCA,BOGOTÁ D.C. (CT),Sábado,13:15:00,EL CODITO E-1,URBANA,VIAS PUBLICAS,ARMA BLANCA / CORTOPUNZANTE,A PIE,A PIE,29.0,MASCULINO,SOLTERO,COLOMBIA,INDEPENDIENTE,-,SECUNDARIA,11001000.0,1
07/07/2018 12:00:00 AM,CUNDINAMARCA,BOGOTÁ D.C. (CT),Sábado,4:45:00,CIUDAD DE CALI E-8,URBANA,VIAS PUBLICAS,ARMA BLANCA / CORTOPUNZANTE,A PIE,A PIE,23.0,MASCULINO,SOLTERO,COLOMBIA,DESEMPLEADO,-,SECUNDARIA,11001000.0,1
07/07/2018 12:00:00 AM,CUNDINAMARCA,BOGOTÁ D.C. (CT),Sábado,16:05:00,SAN VICTORINO E-3,URBANA,VIAS PUBLICAS,ARMA BLANCA / CORTOPUNZANTE,A PIE,A PIE,30.0,MASCULINO,SOLTERO,COLOMBIA,INDEPENDIENTE,-,SECUNDARIA,11001000.0,1
07/07/2018 12:00:00 AM,CUNDINAMARCA,BOGOTÁ D.C. (CT),Sábado,6:12:00,CARVAJAL E-8,URBANA,CASAS DE HABITACION,CONTUNDENTES,A PIE,A PIE,65.0,MASCULINO,UNION LIBRE,COLOMBIA,INDEPENDIENTE,-,SECUNDARIA,11001000.0,1
07/07/2018 12:00:00 AM,CUNDINAMARCA,BOGOTÁ D.C. (CT),Sábado,11:39:00,LA FAVORITA E-14,URBANA,VIAS PUBLICAS,ARMA BLANCA / CORTOPUNZANTE,A PIE,A PIE,42.0,MASCULINO,SOLTERO,COLOMBIA,DESEMPLEADO,-,PRIMARIA,11001000.0,1
08/07/2018 12:00:00 AM,CUNDINAMARCA,BOGOTÁ D.C. (CT),Domingo,14:00:00,EGIPTO ALTO E-17,URBANA,VIAS PUBLICAS,ARMA BLANCA / CORTOPUNZANTE,A PIE,A PIE,21.0,MASCULINO,SOLTERO,COLOMBIA,DESEMPLEADO,-,SECUNDARIA,11001000.0,1
08/07/2018 12:00:00 AM,CUNDINAMARCA,BOGOTÁ D.C. (CT),Domingo,5:30:00,VILLA HERMOSA E-5,URBANA,VIAS PUBLICAS,ARMA BLANCA / CORTOPUNZANTE,A PIE,A PIE,23.0,MASCULINO,SOLTERO,COLOMBIA,DESEMPLEADO,-,SECUNDARIA,11001000.0,1
08/07/2018 12:00:00 AM,CUNDINAMARCA,BOGOTÁ D.C. (CT),Domingo,18:10:00,EL RECUERDO SUR E-19,URBANA,VIAS PUBLICAS,ARMA DE FUEGO,A PIE,A PIE,33.0,MASCULINO,UNION LIBRE,COLOMBIA,DESEMPLEADO,-,SECUNDARIA,11001000.0,1
08/07/2018 12:00:00 AM,CUNDINAMARCA,BOGOTÁ D.C. (CT),Domingo,0:50:00,DIVINO ROSTRO E-19,URBANA,VIAS PUBLICAS,ARMA BLANCA / CORTOPUNZANTE,A PIE,A PIE,39.0,MASCULINO,SOLTERO,COLOMBIA,INDEPENDIENTE,-,SECUNDARIA,11001000.0,1
08/07/2018 12:00:00 AM,CUNDINAMARCA,BOGOTÁ D.C. (CT),Domingo,2:50:00,RAMAJAL E-4,URBANA,VIAS PUBLICAS,ARMA BLANCA / CORTOPUNZANTE,A PIE,A PIE,29.0,MASCULINO,SOLTERO,COLOMBIA,DESEMPLEADO,-,SECUNDARIA,11001000.0,1
08/07/2018 12:00:00 AM,CUNDINAMARCA,BOGOTÁ D.C. (CT),Domingo,18:55:00,CAPELLANIA E-9,URBANA,VIAS PUBLICAS,ARMA DE FUEGO,A PIE,A PIE,21.0,MASCULINO,SOLTERO,COLOMBIA,DESEMPLEADO,-,SECUNDARIA,11001000.0,1
08/07/2018 12:00:00 AM,CUNDINAMARCA,BOGOTÁ D.C. (CT),Domingo,22:48:00,GRAN BRITALIA E-8,URBANA,VIAS PUBLICAS,ARMA DE FUEGO,A PIE,A PIE,24.0,MASCULINO,SOLTERO,COLOMBIA,INDEPENDIENTE,-,SECUNDARIA,11001000.0,1
08/07/2018 12:00:00 AM,CUNDINAMARCA,BOGOTÁ D.C. (CT),Domingo,22:48:00,GRAN BRITALIA E-8,URBANA,VIAS PUBLICAS,ARMA DE FUEGO,A PIE,A PIE,34.0,MASCULINO,CASADO,COLOMBIA,INDEPENDIENTE,-,SECUNDARIA,11001000.0,1
08/07/2018 12:00:00 AM,CUNDINAMARCA,BOGOTÁ D.C. (CT),Domingo,21:06:00,FATIMA E-6,URBANA,TIENDA,ARMA BLANCA / CORTOPUNZANTE,A PIE,A PIE,41.0,FEMENINO,UNION LIBRE,COLOMBIA,INDEPENDIENTE,-,SECUNDARIA,11001000.0,1
08/07/2018 12:00:00 AM,CUNDINAMARCA,BOGOTÁ D.C. (CT),Domingo,3:43:00,LA ORQUIDEA E-5,URBANA,VIAS PUBLICAS,ARMA BLANCA / CORTOPUNZANTE,A PIE,A PIE,38.0,MASCULINO,SOLTERO,COLOMBIA,DESEMPLEADO,-,SECUNDARIA,11001000.0,1
09/07/2018 12:00:00 AM,CUNDINAMARCA,BOGOTÁ D.C. (CT),Lunes,4:00:00,GALAN RURAL E-8,URBANA,APARTAMENTO,ARMA BLANCA / CORTOPUNZANTE,A PIE,A PIE,10.0,MASCULINO,SOLTERO,COLOMBIA,ESTUDIANTE,-,PRIMARIA,11001000.0,1
09/07/2018 12:00:00 AM,CUNDINAMARCA,BOGOTÁ D.C. (CT),Lunes,4:00:00,GALAN RURAL E-8,URBANA,APARTAMENTO,ARMA BLANCA / CORTOPUNZANTE,A PIE,A PIE,13.0,MASCULINO,SOLTERO,COLOMBIA,ESTUDIANTE,-,SECUNDARIA,11001000.0,1
09/07/2018 12:00:00 AM,CUNDINAMARCA,BOGOTÁ D.C. (CT),Lunes,20:57:00,BOSQUES DE SAN JOSE E-18,URBANA,VIAS PUBLICAS,ARMA DE FUEGO,A PIE,A PIE,35.0,MASCULINO,SOLTERO,COLOMBIA,DESEMPLEADO,-,SECUNDARIA,11001000.0,1
09/07/2018 12:00:00 AM,CUNDINAMARCA,BOGOTÁ D.C. (CT),Lunes,22:44:00,HIPOTECHO OCCIDENTAL E-8,URBANA,VIAS PUBLICAS,ARMA DE FUEGO,A PIE,A PIE,18.0,MASCULINO,SOLTERO,COLOMBIA,DESEMPLEADO,-,SECUNDARIA,11001000.0,1
10/07/2018 12:00:00 AM,CUNDINAMARCA,BOGOTÁ D.C. (CT),Martes,22:30:00,LA CATEDRAL E-17,URBANA,VIAS PUBLICAS,ARMA BLANCA / CORTOPUNZANTE,A PIE,A PIE,54.0,MASCULINO,SOLTERO,COLOMBIA,INDEPENDIENTE,-,SECUNDARIA,11001000.0,1
10/07/2018 12:00:00 AM,CUNDINAMARCA,BOGOTÁ D.C. (CT),Martes,14:40:00,LLANO GRANDE E-8,URBANA,VIAS PUBLICAS,ARMA BLANCA / CORTOPUNZANTE,A PIE,A PIE,23.0,MASCULINO,SOLTERO,COLOMBIA,INDEPENDIENTE,-,SECUNDARIA,11001000.0,1
11/07/2018 12:00:00 AM,CUNDINAMARCA,BOGOTÁ D.C. (CT),Miércoles,0:30:00,EL CONSUELO E-18,URBANA,VIAS PUBLICAS,ARMA BLANCA / CORTOPUNZANTE,A PIE,A PIE,27.0,MASCULINO,SOLTERO,COLOMBIA,INDEPENDIENTE,-,SECUNDARIA,11001000.0,1
11/07/2018 12:00:00 AM,CUNDINAMARCA,BOGOTÁ D.C. (CT),Miércoles,7:50:00,GUAYMARAL E-11,URBANA,VIAS PUBLICAS,ARMA BLANCA / CORTOPUNZANTE,A PIE,A PIE,49.0,MASCULINO,SOLTERO,COLOMBIA,DESEMPLEADO,-,SECUNDARIA,11001000.0,1
12/07/2018 12:00:00 AM,CUNDINAMARCA,BOGOTÁ D.C. (CT),Jueves,17:30:00,SAN CRISTOBAL E-1,URBANA,TALLERES MECANICA,ARMA DE FUEGO,A PIE,A PIE,17.0,FEMENINO,UNION LIBRE,COLOMBIA,AMA DE CASA,-,SECUNDARIA,11001000.0,1
12/07/2018 12:00:00 AM,CUNDINAMARCA,BOGOTÁ D.C. (CT),Jueves,3:41:00,SAN FRANCISCO E-19,URBANA,VIAS PUBLICAS,ARMA BLANCA / CORTOPUNZANTE,A PIE,A PIE,64.0,MASCULINO,SOLTERO,COLOMBIA,INDEPENDIENTE,-,SECUNDARIA,11001000.0,1
01/08/2018 12:00:00 AM,CUNDINAMARCA,BOGOTÁ D.C. (CT),Miércoles,22:30:00,VILLA DEL RIO E-7,URBANA,VIAS PUBLICAS,ARMA DE FUEGO,CONDUCTOR VEHICULO,CONDUCTOR MOTOCICLETA,57.0,MASCULINO,SOLTERO,COLOMBIA,INDEPENDIENTE,-,SECUNDARIA,11001000.0,1
01/08/2018 12:00:00 AM,CUNDINAMARCA,BOGOTÁ D.C. (CT),Miércoles,21:15:00,EL TINTAL E-8,URBANA,VIAS PUBLICAS,ARMA BLANCA / CORTOPUNZANTE,A PIE,A PIE,8.0,MASCULINO,SOLTERO,COLOMBIA,DESEMPLEADO,-,ANALFABETA,11001000.0,1
01/08/2018 12:00:00 AM,CUNDINAMARCA,BOGOTÁ D.C. (CT),Miércoles,21:15:00,GRAN BRITALIA E-8,URBANA,VIAS PUBLICAS,ARMA DE FUEGO,A PIE,A PIE,40.0,MASCULINO,SOLTERO,COLOMBIA,INDEPENDIENTE,-,SECUNDARIA,11001000.0,1
01/08/2018 12:00:00 AM,CUNDINAMARCA,BOGOTÁ D.C. (CT),Miércoles,18:40:00,EL SOCORRO E-18,URBANA,VIAS PUBLICAS,ARMA DE FUEGO,A PIE,A PIE,25.0,MASCULINO,SOLTERO,COLOMBIA,INDEPENDIENTE,-,SECUNDARIA,11001000.0,1
01/08/2018 12:00:00 AM,CUNDINAMARCA,BOGOTÁ D.C. (CT),Miércoles,8:20:00,BOSQUE POPULAR E-10,URBANA,VIAS PUBLICAS,ARMA DE FUEGO,A PIE,A PIE,36.0,MASCULINO,SOLTERO,COLOMBIA,EMPLEADO PARTICULAR,-,SECUNDARIA,11001000.0,1
02/08/2018 12:00:00 AM,CUNDINAMARCA,BOGOTÁ D.C. (CT),Jueves,13:00:00,PUENTE ARANDA E-16,URBANA,"HOTELES, RESIDENCIAS, Y SIMILARES.",ARMA BLANCA / CORTOPUNZANTE,A PIE,A PIE,32.0,FEMENINO,SOLTERO,VENEZUELA,INDEPENDIENTE,-,SECUNDARIA,11001000.0,1
02/08/2018 12:00:00 AM,CUNDINAMARCA,BOGOTÁ D.C. (CT),Jueves,21:15:00,TEJAR DEL ONTARIO E-6,URBANA,CARCELES,ARMA BLANCA / CORTOPUNZANTE,A PIE,A PIE,18.0,MASCULINO,SOLTERO,COLOMBIA,INDEPENDIENTE,-,SECUNDARIA,11001000.0,1
02/08/2018 12:00:00 AM,CUNDINAMARCA,BOGOTÁ D.C. (CT),Jueves,20:42:00,CLASS E-8,URBANA,VIAS PUBLICAS,ARMA BLANCA / CORTOPUNZANTE,A PIE,A PIE,30.0,MASCULINO,SOLTERO,COLOMBIA,INDEPENDIENTE,-,SECUNDARIA,11001000.0,1
02/08/2018 12:00:00 AM,CUNDINAMARCA,BOGOTÁ D.C. (CT),Jueves,13:44:00,LOS SOCHES E-5,RURAL,VIAS PUBLICAS,ARMA BLANCA / CORTOPUNZANTE,A PIE,A PIE,30.0,FEMENINO,SOLTERO,COLOMBIA,INDEPENDIENTE,-,SECUNDARIA,11001000.0,1
02/08/2018 12:00:00 AM,CUNDINAMARCA,BOGOTÁ D.C. (CT),Jueves,23:13:00,CHAPINERO CENTRAL E-2,URBANA,VIAS PUBLICAS,ARMA BLANCA / CORTOPUNZANTE,A PIE,A PIE,46.0,MASCULINO,SOLTERO,COLOMBIA,INDEPENDIENTE,-,SECUNDARIA,11001000.0,1
03/08/2018 12:00:00 AM,CUNDINAMARCA,BOGOTÁ D.C. (CT),Viernes,21:50:00,ANTONIO JOSE DE SUCRE E-5,URBANA,VIAS PUBLICAS,ARMA DE FUEGO,A PIE,A PIE,30.0,MASCULINO,SOLTERO,COLOMBIA,INDEPENDIENTE,-,SECUNDARIA,11001000.0,1
04/08/2018 12:00:00 AM,CUNDINAMARCA,BOGOTÁ D.C. (CT),Sábado,21:15:00,SANTA CECILIA E-1,URBANA,VIAS PUBLICAS,ARMA DE FUEGO,A PIE,A PIE,44.0,MASCULINO,SOLTERO,COLOMBIA,INDEPENDIENTE,-,SECUNDARIA,11001000.0,1
04/08/2018 12:00:00 AM,CUNDINAMARCA,BOGOTÁ D.C. (CT),Sábado,21:50:00,LAS QUINTAS DEL SUR E-19,URBANA,VIAS PUBLICAS,ARMA DE FUEGO,A PIE,A PIE,17.0,MASCULINO,UNION LIBRE,COLOMBIA,INDEPENDIENTE,-,SECUNDARIA,11001000.0,1
04/08/2018 12:00:00 AM,CUNDINAMARCA,BOGOTÁ D.C. (CT),Sábado,20:05:00,LOS NARANJOS EL RETAZO E-7,URBANA,VIAS PUBLICAS,ARMA DE FUEGO,BICICLETA,A PIE,32.0,MASCULINO,SOLTERO,COLOMBIA,INDEPENDIENTE,-,SECUNDARIA,11001000.0,1
04/08/2018 12:00:00 AM,CUNDINAMARCA,BOGOTÁ D.C. (CT),Sábado,1:17:00,JUAN PABLO II E-19,URBANA,VIAS PUBLICAS,ARMA BLANCA / CORTOPUNZANTE,A PIE,A PIE,58.0,MASCULINO,UNION LIBRE,COLOMBIA,INDEPENDIENTE,-,PRIMARIA,11001000.0,1
05/08/2018 12:00:00 AM,CUNDINAMARCA,BOGOTÁ D.C. (CT),Domingo,14:35:00,SAMORE E-6,URBANA,VIAS PUBLICAS,ARMA BLANCA / CORTOPUNZANTE,A PIE,A PIE,21.0,MASCULINO,SOLTERO,COLOMBIA,DESEMPLEADO,-,SECUNDARIA,11001000.0,1
06/08/2018 12:00:00 AM,CUNDINAMARCA,BOGOTÁ D.C. (CT),Lunes,19:30:00,QUIBA E-19,RURAL,VEHICULO,ARMA DE FUEGO,A PIE,CONDUCTOR VEHICULO,26.0,MASCULINO,UNION LIBRE,COLOMBIA,INDEPENDIENTE,-,PRIMARIA,11001000.0,1
06/08/2018 12:00:00 AM,CUNDINAMARCA,BOGOTÁ D.C. (CT),Lunes,15:00:00,LUCERO SUR BAJO E-19,URBANA,VIAS PUBLICAS,ARMA BLANCA / CORTOPUNZANTE,A PIE,A PIE,19.0,MASCULINO,UNION LIBRE,COLOMBIA,INDEPENDIENTE,-,SECUNDARIA,11001000.0,1
08/08/2018 12:00:00 AM,CUNDINAMARCA,BOGOTÁ D.C. (CT),Miércoles,5:35:00,LOS MOLINOS DEL SUR E-18,URBANA,ESTACION TRANSMILENIO MOLINOS,ARMA BLANCA / CORTOPUNZANTE,A PIE,A PIE,50.0,MASCULINO,SOLTERO,COLOMBIA,INDEPENDIENTE,-,SECUNDARIA,11001000.0,1
08/08/2018 12:00:00 AM,CUNDINAMARCA,BOGOTÁ D.C. (CT),Miércoles,18:25:00,MARÍA CANO E-19,URBANA,VIAS PUBLICAS,ARMA DE FUEGO,A PIE,A PIE,38.0,MASCULINO,UNION LIBRE,COLOMBIA,INDEPENDIENTE,-,SECUNDARIA,11001000.0,1
08/08/2018 12:00:00 AM,CUNDINAMARCA,BOGOTÁ D.C. (CT),Miércoles,18:42:00,ARBORIZADORA ALTA E-19,URBANA,VIAS PUBLICAS,ARMA DE FUEGO,A PIE,A PIE,25.0,MASCULINO,SOLTERO,COLOMBIA,DESEMPLEADO,-,SECUNDARIA,11001000.0,1
08/08/2018 12:00:00 AM,CUNDINAMARCA,BOGOTÁ D.C. (CT),Miércoles,18:03:00,ALQUERIAS DE LA FRAGUA E-8,URBANA,VIAS PUBLICAS,ARMA DE FUEGO,A PIE,A PIE,29.0,MASCULINO,SOLTERO,COLOMBIA,INDEPENDIENTE,-,SECUNDARIA,11001000.0,1
08/08/2018 12:00:00 AM,CUNDINAMARCA,BOGOTÁ D.C. (CT),Miércoles,16:44:00,NUEVA ESPAÑA E-4,URBANA,VIAS PUBLICAS,ARMA BLANCA / CORTOPUNZANTE,A PIE,A PIE,32.0,MASCULINO,SOLTERO,COLOMBIA,DESEMPLEADO,-,PRIMARIA,11001000.0,1
09/08/2018 12:00:00 AM,CUNDINAMARCA,BOGOTÁ D.C. (CT),Jueves,11:00:00,LA ALQUERIA E-16,URBANA,VIAS PUBLICAS,ARMA BLANCA / CORTOPUNZANTE,A PIE,A PIE,42.0,MASCULINO,SOLTERO,COLOMBIA,DESEMPLEADO,-,PRIMARIA,11001000.0,1
09/08/2018 12:00:00 AM,CUNDINAMARCA,BOGOTÁ D.C. (CT),Jueves,16:21:00,BOSQUE IZQUIERDO E-3,URBANA,VIAS PUBLICAS,ARMA DE FUEGO,A PIE,CONDUCTOR VEHICULO,52.0,MASCULINO,UNION LIBRE,COLOMBIA,INDEPENDIENTE,-,SECUNDARIA,11001000.0,1
10/08/2018 12:00:00 AM,CUNDINAMARCA,BOGOTÁ D.C. (CT),Viernes,21:40:00,MUZU E-16,URBANA,VIAS PUBLICAS,ARMA DE FUEGO,PASAJERO MOTOCICLETA,A PIE,50.0,MASCULINO,UNION LIBRE,COLOMBIA,INDEPENDIENTE,-,SECUNDARIA,11001000.0,1
10/08/2018 12:00:00 AM,CUNDINAMARCA,BOGOTÁ D.C. (CT),Viernes,9:18:00,LAS ORQUÍDEAS E-1,URBANA,VIAS PUBLICAS,ARMA DE FUEGO,A PIE,A PIE,82.0,FEMENINO,SOLTERO,COLOMBIA,INDEPENDIENTE,-,SECUNDARIA,11001000.0,1
11/08/2018 12:00:00 AM,CUNDINAMARCA,BOGOTÁ D.C. (CT),Sábado,20:15:00,LA LIBERTAD E-7,URBANA,CASAS DE HABITACION,ARMA BLANCA / CORTOPUNZANTE,A PIE,A PIE,46.0,MASCULINO,SOLTERO,COLOMBIA,INDEPENDIENTE,-,SECUNDARIA,11001000.0,1
11/08/2018 12:00:00 AM,CUNDINAMARCA,BOGOTÁ D.C. (CT),Sábado,21:25:00,BRASILIA I SECTOR E-7,URBANA,VIAS PUBLICAS,ARMA DE FUEGO,A PIE,A PIE,28.0,MASCULINO,SOLTERO,COLOMBIA,INDEPENDIENTE,-,SECUNDARIA,11001000.0,1
11/08/2018 12:00:00 AM,CUNDINAMARCA,BOGOTÁ D.C. (CT),Sábado,2:23:00,LAS NIEVES E-3,URBANA,VIAS PUBLICAS,ARMA BLANCA / CORTOPUNZANTE,A PIE,A PIE,25.0,MASCULINO,SOLTERO,COLOMBIA,INDEPENDIENTE,-,SECUNDARIA,11001000.0,1
12/08/2018 12:00:00 AM,CUNDINAMARCA,BOGOTÁ D.C. (CT),Domingo,20:00:00,VENECIA E-6,URBANA,VIAS PUBLICAS,ARMA BLANCA / CORTOPUNZANTE,A PIE,A PIE,24.0,MASCULINO,SOLTERO,COLOMBIA,INDEPENDIENTE,-,SECUNDARIA,11001000.0,1
12/08/2018 12:00:00 AM,CUNDINAMARCA,BOGOTÁ D.C. (CT),Domingo,13:30:00,ALCALA E-16,URBANA,VIAS PUBLICAS,ARMA BLANCA / CORTOPUNZANTE,A PIE,A PIE,35.0,MASCULINO,SOLTERO,COLOMBIA,DESEMPLEADO,-,PRIMARIA,11001000.0,1
12/08/2018 12:00:00 AM,CUNDINAMARCA,BOGOTÁ D.C. (CT),Domingo,18:40:00,SAUCEDAL E-8,URBANA,VIAS PUBLICAS,ARMA BLANCA / CORTOPUNZANTE,A PIE,A PIE,17.0,MASCULINO,SOLTERO,COLOMBIA,INDEPENDIENTE,-,SECUNDARIA,11001000.0,1
12/08/2018 12:00:00 AM,CUNDINAMARCA,BOGOTÁ D.C. (CT),Domingo,18:20:00,DINDALITO E-8,URBANA,VIAS PUBLICAS,ARMA DE FUEGO,A PIE,A PIE,27.0,MASCULINO,SOLTERO,COLOMBIA,INDEPENDIENTE,-,SECUNDARIA,11001000.0,1
12/08/2018 12:00:00 AM,CUNDINAMARCA,BOGOTÁ D.C. (CT),Domingo,13:25:00,SAN BENITO E-6,URBANA,"BARES, CANTINAS Y SIMILARES",ARMA BLANCA / CORTOPUNZANTE,A PIE,A PIE,49.0,FEMENINO,SOLTERO,COLOMBIA,INDEPENDIENTE,-,SECUNDARIA,11001000.0,1
12/08/2018 12:00:00 AM,CUNDINAMARCA,BOGOTÁ D.C. (CT),Domingo,11:19:00,MARIA PAZ E-8,URBANA,CASAS DE HABITACION,ARMA BLANCA / CORTOPUNZANTE,A PIE,A PIE,74.0,MASCULINO,SOLTERO,COLOMBIA,INDEPENDIENTE,-,SECUNDARIA,11001000.0,1
01/09/2018 12:00:00 AM,CUNDINAMARCA,BOGOTÁ D.C. (CT),Sábado,17:00:00,BOSQUE DE LOS MOLINOS E-18,URBANA,VIAS PUBLICAS,ARMA BLANCA / CORTOPUNZANTE,A PIE,A PIE,33.0,MASCULINO,SOLTERO,COLOMBIA,INDEPENDIENTE,-,SECUNDARIA,11001000.0,1
01/09/2018 12:00:00 AM,CUNDINAMARCA,BOGOTÁ D.C. (CT),Sábado,17:20:00,EL VERBENAL III SECTOR E-1,URBANA,VIAS PUBLICAS,ARMA DE FUEGO,A PIE,A PIE,35.0,MASCULINO,SOLTERO,COLOMBIA,INDEPENDIENTE,-,SECUNDARIA,11001000.0,1
01/09/2018 12:00:00 AM,CUNDINAMARCA,BOGOTÁ D.C. (CT),Sábado,14:15:00,ALFA E-19,URBANA,VIAS PUBLICAS,ARMA BLANCA / CORTOPUNZANTE,A PIE,A PIE,56.0,MASCULINO,SOLTERO,COLOMBIA,INDEPENDIENTE,-,SECUNDARIA,11001000.0,1
01/09/2018 12:00:00 AM,CUNDINAMARCA,BOGOTÁ D.C. (CT),Sábado,23:11:00,LA PLAYA E-19,URBANA,VIAS PUBLICAS,ARMA DE FUEGO,A PIE,A PIE,40.0,FEMENINO,SOLTERO,COLOMBIA,INDEPENDIENTE,-,SECUNDARIA,11001000.0,1
01/09/2018 12:00:00 AM,CUNDINAMARCA,BOGOTÁ D.C. (CT),Sábado,0:22:00,BACHUE E-10,URBANA,VIAS PUBLICAS,ARMA BLANCA / CORTOPUNZANTE,A PIE,A PIE,41.0,MASCULINO,SOLTERO,COLOMBIA,INDEPENDIENTE,-,SECUNDARIA,11001000.0,1
02/09/2018 12:00:00 AM,CUNDINAMARCA,BOGOTÁ D.C. (CT),Domingo,19:30:00,TIBABUYES E-11,URBANA,VIAS PUBLICAS,ARMA BLANCA / CORTOPUNZANTE,A PIE,A PIE,23.0,MASCULINO,SOLTERO,COLOMBIA,DESEMPLEADO,-,SECUNDARIA,11001000.0,1
02/09/2018 12:00:00 AM,CUNDINAMARCA,BOGOTÁ D.C. (CT),Domingo,0:10:00,BRASILIA I SECTOR E-7,URBANA,VIAS PUBLICAS,ARMA BLANCA / CORTOPUNZANTE,A PIE,A PIE,23.0,MASCULINO,SOLTERO,COLOMBIA,DESEMPLEADO,-,PRIMARIA,11001000.0,1
02/09/2018 12:00:00 AM,CUNDINAMARCA,BOGOTÁ D.C. (CT),Domingo,6:20:00,EL MIRADOR E-19,URBANA,VIAS PUBLICAS,ARMA DE FUEGO,A PIE,A PIE,20.0,MASCULINO,UNION LIBRE,COLOMBIA,DESEMPLEADO,-,SECUNDARIA,11001000.0,1
02/09/2018 12:00:00 AM,CUNDINAMARCA,BOGOTÁ D.C. (CT),Domingo,0:45:00,SIERRA MORENA E-19,URBANA,VIAS PUBLICAS,ARMA DE FUEGO,CONDUCTOR MOTOCICLETA,A PIE,31.0,MASCULINO,SOLTERO,COLOMBIA,DESEMPLEADO,-,SECUNDARIA,11001000.0,1
02/09/2018 12:00:00 AM,CUNDINAMARCA,BOGOTÁ D.C. (CT),Domingo,2:50:00,SAN JORGE E-18,URBANA,VIAS PUBLICAS,ARMA DE FUEGO,A PIE,A PIE,23.0,MASCULINO,SOLTERO,COLOMBIA,DESEMPLEADO,-,SECUNDARIA,11001000.0,1
02/09/2018 12:00:00 AM,CUNDINAMARCA,BOGOTÁ D.C. (CT),Domingo,1:25:00,BELLA FLOR E-19,URBANA,VIAS PUBLICAS,ARMA DE FUEGO,A PIE,A PIE,22.0,MASCULINO,SOLTERO,COLOMBIA,DESEMPLEADO,-,SECUNDARIA,11001000.0,1
02/09/2018 12:00:00 AM,CUNDINAMARCA,BOGOTÁ D.C. (CT),Domingo,21:58:00,SAN ANTONIO NORTE E-10,URBANA,VIAS PUBLICAS,ARMA BLANCA / CORTOPUNZANTE,A PIE,A PIE,28.0,MASCULINO,SOLTERO,COLOMBIA,EMPLEADO PARTICULAR,-,SECUNDARIA,11001000.0,1
02/09/2018 12:00:00 AM,CUNDINAMARCA,BOGOTÁ D.C. (CT),Domingo,2:32:00,HIPOTECHO OCCIDENTAL E-8,URBANA,VIAS PUBLICAS,ARMA BLANCA / CORTOPUNZANTE,A PIE,A PIE,28.0,MASCULINO,UNION LIBRE,COLOMBIA,DESEMPLEADO,-,SECUNDARIA,11001000.0,1
02/09/2018 12:00:00 AM,CUNDINAMARCA,BOGOTÁ D.C. (CT),Domingo,3:53:00,LAS DELICIAS E-8,URBANA,VIAS PUBLICAS,ARMA BLANCA / CORTOPUNZANTE,A PIE,A PIE,24.0,MASCULINO,SOLTERO,COLOMBIA,DESEMPLEADO,-,SECUNDARIA,11001000.0,1
02/09/2018 12:00:00 AM,CUNDINAMARCA,BOGOTÁ D.C. (CT),Domingo,1:53:00,BELEN E-9,URBANA,VIAS PUBLICAS,ARMA BLANCA / CORTOPUNZANTE,A PIE,A PIE,21.0,MASCULINO,SOLTERO,COLOMBIA,DESEMPLEADO,-,SECUNDARIA,11001000.0,1
02/09/2018 12:00:00 AM,CUNDINAMARCA,BOGOTÁ D.C. (CT),Domingo,15:22:00,POTOSI E-19,URBANA,CASAS DE HABITACION,ARMA BLANCA / CORTOPUNZANTE,A PIE,A PIE,27.0,MASCULINO,SOLTERO,COLOMBIA,DESEMPLEADO,-,SECUNDARIA,11001000.0,1
03/09/2018 12:00:00 AM,CUNDINAMARCA,BOGOTÁ D.C. (CT),Lunes,17:06:00,PUERTA AL LLANO E-19,URBANA,VIAS PUBLICAS,ARMA DE FUEGO,A PIE,A PIE,29.0,MASCULINO,UNION LIBRE,COLOMBIA,INDEPENDIENTE,-,SECUNDARIA,11001000.0,1
03/09/2018 12:00:00 AM,CUNDINAMARCA,BOGOTÁ D.C. (CT),Lunes,16:02:00,LOS LAURELES E-7,URBANA,VIAS PUBLICAS,ARMA BLANCA / CORTOPUNZANTE,A PIE,A PIE,19.0,MASCULINO,SOLTERO,COLOMBIA,EMPLEADO PARTICULAR,-,SECUNDARIA,11001000.0,1
05/09/2018 12:00:00 AM,CUNDINAMARCA,BOGOTÁ D.C. (CT),Miércoles,15:00:00,MARTIRES E-14,URBANA,VIAS PUBLICAS,ARMA DE FUEGO,A PIE,A PIE,47.0,MASCULINO,SOLTERO,COLOMBIA,INDEPENDIENTE,-,SECUNDARIA,11001000.0,1
05/09/2018 12:00:00 AM,CUNDINAMARCA,BOGOTÁ D.C. (CT),Miércoles,1:30:00,SANTA TERESA E-11,URBANA,VIAS PUBLICAS,ARMA BLANCA / CORTOPUNZANTE,A PIE,A PIE,61.0,MASCULINO,UNION LIBRE,COLOMBIA,INDEPENDIENTE,-,PRIMARIA,11001000.0,1
05/09/2018 12:00:00 AM,CUNDINAMARCA,BOGOTÁ D.C. (CT),Miércoles,22:35:00,LA FAVORITA E-14,URBANA,VIAS PUBLICAS,ARMA BLANCA / CORTOPUNZANTE,A PIE,A PIE,28.0,MASCULINO,SOLTERO,COLOMBIA,INDEPENDIENTE,-,SECUNDARIA,11001000.0,1
05/09/2018 12:00:00 AM,CUNDINAMARCA,BOGOTÁ D.C. (CT),Miércoles,18:49:00,CONJUNTO RESIDENCIAL LA PRADERA E-1,URBANA,VIAS PUBLICAS,ARMA DE FUEGO,A PIE,A PIE,27.0,MASCULINO,SOLTERO,COLOMBIA,INDEPENDIENTE,-,SECUNDARIA,11001000.0,1
05/09/2018 12:00:00 AM,CUNDINAMARCA,BOGOTÁ D.C. (CT),Miércoles,19:27:00,SANTA FE E-7,URBANA,VIAS PUBLICAS,ARMA DE FUEGO,A PIE,A PIE,25.0,MASCULINO,SOLTERO,COLOMBIA,INDEPENDIENTE,-,SECUNDARIA,11001000.0,1
06/09/2018 12:00:00 AM,CUNDINAMARCA,BOGOTÁ D.C. (CT),Jueves,14:20:00,LA ESTRELLA DEL SUR E-19,URBANA,VIAS PUBLICAS,ARMA DE FUEGO,A PIE,A PIE,35.0,FEMENINO,UNION LIBRE,COLOMBIA,INDEPENDIENTE,-,SECUNDARIA,11001000.0,1
06/09/2018 12:00:00 AM,CUNDINAMARCA,BOGOTÁ D.C. (CT),Jueves,19:37:00,ARBORIZADORA ALTA E-19,URBANA,VIAS PUBLICAS,ARMA DE FUEGO,A PIE,A PIE,27.0,MASCULINO,SOLTERO,COLOMBIA,INDEPENDIENTE,-,SECUNDARIA,11001000.0,1
07/09/2018 12:00:00 AM,CUNDINAMARCA,BOGOTÁ D.C. (CT),Viernes,11:30:00,TEUSAQUILLO E-13,URBANA,VIAS PUBLICAS,ARMA BLANCA / CORTOPUNZANTE,A PIE,A PIE,43.0,MASCULINO,SOLTERO,COLOMBIA,DESEMPLEADO,-,PRIMARIA,11001000.0,1
07/09/2018 12:00:00 AM,CUNDINAMARCA,BOGOTÁ D.C. (CT),Viernes,16:45:00,SAN BENITO E-6,URBANA,VIAS PUBLICAS,ARMA BLANCA / CORTOPUNZANTE,A PIE,A PIE,17.0,MASCULINO,SOLTERO,COLOMBIA,EMPLEADO PARTICULAR,-,SECUNDARIA,11001000.0,1
08/09/2018 12:00:00 AM,CUNDINAMARCA,BOGOTÁ D.C. (CT),Sábado,8:30:00,LA VICTORIA E-4,URBANA,VIAS PUBLICAS,ARMA DE FUEGO,A PIE,A PIE,28.0,MASCULINO,SOLTERO,COLOMBIA,INDEPENDIENTE,-,SECUNDARIA,11001000.0,1
08/09/2018 12:00:00 AM,CUNDINAMARCA,BOGOTÁ D.C. (CT),Sábado,19:50:00,CARACOLI E-19,URBANA,VIAS PUBLICAS,ARMA BLANCA / CORTOPUNZANTE,A PIE,A PIE,20.0,MASCULINO,SOLTERO,COLOMBIA,INDEPENDIENTE,-,SECUNDARIA,11001000.0,1
08/09/2018 12:00:00 AM,CUNDINAMARCA,BOGOTÁ D.C. (CT),Sábado,12:15:00,VILLAS DE ARANJUEZ E-1,URBANA,VIAS PUBLICAS,ARMA DE FUEGO,A PIE,A PIE,23.0,MASCULINO,SOLTERO,COLOMBIA,INDEPENDIENTE,-,SECUNDARIA,11001000.0,1
08/09/2018 12:00:00 AM,CUNDINAMARCA,BOGOTÁ D.C. (CT),Sábado,21:32:00,SAN BENITO E-6,URBANA,VIAS PUBLICAS,ARMA BLANCA / CORTOPUNZANTE,A PIE,A PIE,24.0,MASCULINO,SOLTERO,COLOMBIA,INDEPENDIENTE,-,SECUNDARIA,11001000.0,1
09/09/2018 12:00:00 AM,CUNDINAMARCA,BOGOTÁ D.C. (CT),Domingo,17:20:00,ISLANDIA E-7,RURAL,VIAS PUBLICAS,ARMA DE FUEGO,A PIE,A PIE,22.0,MASCULINO,SOLTERO,COLOMBIA,EMPLEADO PARTICULAR,-,SECUNDARIA,11001000.0,1
09/09/2018 12:00:00 AM,CUNDINAMARCA,BOGOTÁ D.C. (CT),Domingo,0:05:00,JUAN REY E-4,URBANA,VIAS PUBLICAS,ARMA DE FUEGO,A PIE,A PIE,15.0,MASCULINO,SOLTERO,COLOMBIA,ESTUDIANTE,-,SECUNDARIA,11001000.0,1
09/09/2018 12:00:00 AM,CUNDINAMARCA,BOGOTÁ D.C. (CT),Domingo,3:50:00,PATIO BONITO I E-8,URBANA,VIAS PUBLICAS,ARMA BLANCA / CORTOPUNZANTE,A PIE,A PIE,18.0,FEMENINO,SOLTERO,COLOMBIA,EMPLEADO PARTICULAR,-,SECUNDARIA,11001000.0,1
09/09/2018 12:00:00 AM,CUNDINAMARCA,BOGOTÁ D.C. (CT),Domingo,1:39:00,LA ANDREA E-5,URBANA,VIAS PUBLICAS,ARMA BLANCA / CORTOPUNZANTE,A PIE,A PIE,25.0,MASCULINO,SOLTERO,COLOMBIA,EMPLEADO PARTICULAR,-,SECUNDARIA,11001000.0,1
09/09/2018 12:00:00 AM,CUNDINAMARCA,BOGOTÁ D.C. (CT),Domingo,0:09:00,ARABIA E-19,RURAL,VIAS PUBLICAS,ARMA DE FUEGO,A PIE,A PIE,19.0,MASCULINO,SOLTERO,COLOMBIA,EMPLEADO PARTICULAR,-,SECUNDARIA,11001000.0,1
09/09/2018 12:00:00 AM,CUNDINAMARCA,BOGOTÁ D.C. (CT),Domingo,0:09:00,ARABIA E-19,RURAL,VIAS PUBLICAS,ARMA DE FUEGO,A PIE,A PIE,68.0,MASCULINO,SOLTERO,COLOMBIA,EMPLEADO PARTICULAR,-,SECUNDARIA,11001000.0,1
09/09/2018 12:00:00 AM,CUNDINAMARCA,BOGOTÁ D.C. (CT),Domingo,2:54:00,LAS BRISAS E-4,URBANA,VIAS PUBLICAS,ARMA DE FUEGO,A PIE,A PIE,49.0,MASCULINO,SOLTERO,COLOMBIA,EMPLEADO PARTICULAR,-,SECUNDARIA,11001000.0,1
09/09/2018 12:00:00 AM,CUNDINAMARCA,BOGOTÁ D.C. (CT),Domingo,12:07:00,CENTRO USME E-5,URBANA,VIAS PUBLICAS,ARMA BLANCA / CORTOPUNZANTE,A PIE,A PIE,44.0,MASCULINO,SOLTERO,COLOMBIA,EMPLEADO PARTICULAR,-,SECUNDARIA,11001000.0,1
10/09/2018 12:00:00 AM,CUNDINAMARCA,BOGOTÁ D.C. (CT),Lunes,5:30:00,PATIO BONITO I E-8,URBANA,VIAS PUBLICAS,ARMA DE FUEGO,A PIE,BICICLETA,31.0,MASCULINO,UNION LIBRE,COLOMBIA,EMPLEADO PARTICULAR,-,SECUNDARIA,11001000.0,1
10/09/2018 12:00:00 AM,CUNDINAMARCA,BOGOTÁ D.C. (CT),Lunes,13:38:00,VEREDA TIBAQUE E-4,URBANA,VIAS PUBLICAS,ARMA BLANCA / CORTOPUNZANTE,A PIE,A PIE,27.0,MASCULINO,UNION LIBRE,COLOMBIA,INDEPENDIENTE,-,SECUNDARIA,11001000.0,1
11/09/2018 12:00:00 AM,CUNDINAMARCA,BOGOTÁ D.C. (CT),Martes,3:00:00,EL MUELLE E-10,URBANA,VIAS PUBLICAS,ARMA DE FUEGO,A PIE,A PIE,26.0,FEMENINO,SOLTERO,COLOMBIA,INDEPENDIENTE,-,SECUNDARIA,11001000.0,1
11/09/2018 12:00:00 AM,CUNDINAMARCA,BOGOTÁ D.C. (CT),Martes,14:20:00,RESTREPO E-15,URBANA,CASAS DE HABITACION,ARMA DE FUEGO,A PIE,A PIE,61.0,MASCULINO,UNION LIBRE,COLOMBIA,INDEPENDIENTE,-,PRIMARIA,11001000.0,1
11/09/2018 12:00:00 AM,CUNDINAMARCA,BOGOTÁ D.C. (CT),Martes,10:11:00,SOTAVENTO E-19,URBANA,VIAS PUBLICAS,ARMA DE FUEGO,A PIE,A PIE,15.0,MASCULINO,UNION LIBRE,COLOMBIA,INDEPENDIENTE,-,SECUNDARIA,11001000.0,1
12/09/2018 12:00:00 AM,CUNDINAMARCA,BOGOTÁ D.C. (CT),Miércoles,0:05:00,LAS MARGARITAS E-8,URBANA,VIAS PUBLICAS,ARMA DE FUEGO,A PIE,A PIE,16.0,MASCULINO,SOLTERO,COLOMBIA,INDEPENDIENTE,-,SECUNDARIA,11001000.0,1
01/10/2018 12:00:00 AM,CUNDINAMARCA,BOGOTÁ D.C. (CT),Lunes,19:30:00,OLAYA E-18,URBANA,VIAS PUBLICAS,ARMA BLANCA / CORTOPUNZANTE,A PIE,A PIE,30.0,MASCULINO,SOLTERO,COLOMBIA,DESEMPLEADO,-,PRIMARIA,11001000.0,1
01/10/2018 12:00:00 AM,CUNDINAMARCA,BOGOTÁ D.C. (CT),Lunes,15:30:00,ACIP E-8,URBANA,CASAS DE HABITACION,CONTUNDENTES,A PIE,A PIE,66.0,MASCULINO,CASADO,COLOMBIA,PENSIONADO,-,SECUNDARIA,11001000.0,1
01/10/2018 12:00:00 AM,CUNDINAMARCA,BOGOTÁ D.C. (CT),Lunes,18:13:00,CENTENARIO E-9,URBANA,VIAS PUBLICAS,ARMA DE FUEGO,A PIE,A PIE,35.0,MASCULINO,SOLTERO,COLOMBIA,DELINCUENCIA,-,SECUNDARIA,11001000.0,1
01/10/2018 12:00:00 AM,CUNDINAMARCA,BOGOTÁ D.C. (CT),Lunes,18:13:00,CENTENARIO E-9,URBANA,VIAS PUBLICAS,ARMA DE FUEGO,A PIE,A PIE,41.0,MASCULINO,SOLTERO,COLOMBIA,DELINCUENCIA,-,SUPERIOR,11001000.0,1
01/10/2018 12:00:00 AM,CUNDINAMARCA,BOGOTÁ D.C. (CT),Lunes,3:57:00,MARIA PAZ E-8,URBANA,VIAS PUBLICAS,ARMA BLANCA / CORTOPUNZANTE,A PIE,A PIE,22.0,MASCULINO,SOLTERO,COLOMBIA,DESEMPLEADO,-,PRIMARIA,11001000.0,1
02/10/2018 12:00:00 AM,CUNDINAMARCA,BOGOTÁ D.C. (CT),Martes,22:45:00,GRAN YOMASA E-5,URBANA,TIENDA,ARMA DE FUEGO,A PIE,A PIE,55.0,MASCULINO,UNION LIBRE,COLOMBIA,DESEMPLEADO,-,SECUNDARIA,11001000.0,1
03/10/2018 12:00:00 AM,CUNDINAMARCA,BOGOTÁ D.C. (CT),Miércoles,0:11:00,MILLÁN LOS SAUCES E-19,URBANA,BOSQUES,ARMA DE FUEGO,A PIE,A PIE,21.0,MASCULINO,SOLTERO,COLOMBIA,INDEPENDIENTE,-,SUPERIOR,11001000.0,1
03/10/2018 12:00:00 AM,CUNDINAMARCA,BOGOTÁ D.C. (CT),Miércoles,22:03:00,CIUDAD DE CALI E-8,URBANA,CASAS DE HABITACION,ARMA BLANCA / CORTOPUNZANTE,A PIE,A PIE,42.0,MASCULINO,SOLTERO,COLOMBIA,INDEPENDIENTE,-,SECUNDARIA,11001000.0,1
05/10/2018 12:00:00 AM,CUNDINAMARCA,BOGOTÁ D.C. (CT),Viernes,16:14:00,ALQUERIAS DE LA FRAGUA E-8,URBANA,VIAS PUBLICAS,ARMA DE FUEGO,A PIE,A PIE,38.0,MASCULINO,SOLTERO,COLOMBIA,INDEPENDIENTE,-,SECUNDARIA,11001000.0,1
06/10/2018 12:00:00 AM,CUNDINAMARCA,BOGOTÁ D.C. (CT),Sábado,4:00:00,LA ESPERANZA E-12,URBANA,VIAS PUBLICAS,ARMA BLANCA / CORTOPUNZANTE,A PIE,A PIE,39.0,MASCULINO,SOLTERO,COLOMBIA,INDEPENDIENTE,-,SECUNDARIA,11001000.0,1
06/10/2018 12:00:00 AM,CUNDINAMARCA,BOGOTÁ D.C. (CT),Sábado,3:42:00,VILLA HERMOSA E-5,URBANA,VIAS PUBLICAS,CONTUNDENTES,A PIE,A PIE,53.0,MASCULINO,SOLTERO,COLOMBIA,INDEPENDIENTE,-,SECUNDARIA,11001000.0,1
06/10/2018 12:00:00 AM,CUNDINAMARCA,BOGOTÁ D.C. (CT),Sábado,2:04:00,VILLA GLORIA E-19,URBANA,VIAS PUBLICAS,ARMA DE FUEGO,A PIE,A PIE,33.0,MASCULINO,SOLTERO,COLOMBIA,INDEPENDIENTE,-,SECUNDARIA,11001000.0,1
06/10/2018 12:00:00 AM,CUNDINAMARCA,BOGOTÁ D.C. (CT),Sábado,10:31:00,ARABIA E-19,URBANA,VIAS PUBLICAS,ARMA DE FUEGO,A PIE,A PIE,35.0,MASCULINO,SOLTERO,COLOMBIA,DELINCUENCIA,-,SECUNDARIA,11001000.0,1
07/10/2018 12:00:00 AM,CUNDINAMARCA,BOGOTÁ D.C. (CT),Domingo,21:10:00,SAN RAFAEL SUR E-19,URBANA,VIAS PUBLICAS,ARMA BLANCA / CORTOPUNZANTE,A PIE,A PIE,46.0,MASCULINO,SOLTERO,COLOMBIA,INDEPENDIENTE,-,SECUNDARIA,11001000.0,1
07/10/2018 12:00:00 AM,CUNDINAMARCA,BOGOTÁ D.C. (CT),Domingo,23:40:00,LOS ALPES E-19,URBANA,VIAS PUBLICAS,ARMA DE FUEGO,A PIE,A PIE,18.0,MASCULINO,SOLTERO,COLOMBIA,INDEPENDIENTE,-,SECUNDARIA,11001000.0,1
07/10/2018 12:00:00 AM,CUNDINAMARCA,BOGOTÁ D.C. (CT),Domingo,14:10:00,QUIBA E-19,URBANA,VIAS PUBLICAS,ARMA DE FUEGO,A PIE,A PIE,41.0,MASCULINO,CASADO,COLOMBIA,EMPLEADO PARTICULAR,-,SECUNDARIA,11001000.0,1
07/10/2018 12:00:00 AM,CUNDINAMARCA,BOGOTÁ D.C. (CT),Domingo,21:58:00,BARRANQUILLITA E-5,URBANA,VIAS PUBLICAS,ARMA DE FUEGO,A PIE,A PIE,47.0,MASCULINO,SOLTERO,COLOMBIA,INDEPENDIENTE,-,SECUNDARIA,11001000.0,1
07/10/2018 12:00:00 AM,CUNDINAMARCA,BOGOTÁ D.C. (CT),Domingo,4:13:00,JUAN REY E-4,URBANA,VIAS PUBLICAS,ARMA BLANCA / CORTOPUNZANTE,A PIE,A PIE,26.0,MASCULINO,SOLTERO,COLOMBIA,INDEPENDIENTE,-,SECUNDARIA,11001000.0,1
07/10/2018 12:00:00 AM,CUNDINAMARCA,BOGOTÁ D.C. (CT),Domingo,3:21:00,EL RESTREPO E-15,URBANA,VIAS PUBLICAS,ARMA BLANCA / CORTOPUNZANTE,A PIE,A PIE,21.0,MASCULINO,SOLTERO,COLOMBIA,INDEPENDIENTE,-,SECUNDARIA,11001000.0,1
07/10/2018 12:00:00 AM,CUNDINAMARCA,BOGOTÁ D.C. (CT),Domingo,17:08:00,KASANDRA E-9,URBANA,VIAS PUBLICAS,ARMA BLANCA / CORTOPUNZANTE,A PIE,A PIE,31.0,MASCULINO,SOLTERO,COLOMBIA,INDEPENDIENTE,-,SECUNDARIA,11001000.0,1
08/10/2018 12:00:00 AM,CUNDINAMARCA,BOGOTÁ D.C. (CT),Lunes,19:55:00,RECUERDO E-7,URBANA,VIAS PUBLICAS,ARMA DE FUEGO,A PIE,A PIE,30.0,MASCULINO,SOLTERO,COLOMBIA,INDEPENDIENTE,-,PRIMARIA,11001000.0,1
08/10/2018 12:00:00 AM,CUNDINAMARCA,BOGOTÁ D.C. (CT),Lunes,13:17:00,ARBORIZADORA ALTA E-19,URBANA,VIAS PUBLICAS,ARMA DE FUEGO,A PIE,A PIE,37.0,MASCULINO,UNION LIBRE,COLOMBIA,INDEPENDIENTE,-,SECUNDARIA,11001000.0,1
09/10/2018 12:00:00 AM,CUNDINAMARCA,BOGOTÁ D.C. (CT),Martes,7:49:00,JUAN PABLO II E-19,URBANA,VIAS PUBLICAS,ARMA DE FUEGO,A PIE,A PIE,16.0,MASCULINO,SOLTERO,VENEZUELA,INDEPENDIENTE,-,SECUNDARIA,11001000.0,1
10/10/2018 12:00:00 AM,CUNDINAMARCA,BOGOTÁ D.C. (CT),Miércoles,23:04:00,CANTALEJO E-11,URBANA,APARTAMENTO,ARMA BLANCA / CORTOPUNZANTE,A PIE,A PIE,35.0,FEMENINO,SOLTERO,COLOMBIA,EMPLEADO PARTICULAR,-,SECUNDARIA,11001000.0,1
01/11/2018 12:00:00 AM,CUNDINAMARCA,BOGOTÁ D.C. (CT),Jueves,20:30:00,JERUSALEN E-19,URBANA,VIAS PUBLICAS,ARMA DE FUEGO,A PIE,A PIE,50.0,MASCULINO,UNION LIBRE,COLOMBIA,INDEPENDIENTE,-,SECUNDARIA,11001000.0,1
01/11/2018 12:00:00 AM,CUNDINAMARCA,BOGOTÁ D.C. (CT),Jueves,19:00:00,LA FAVORITA E-14,URBANA,VIAS PUBLICAS,ARMA BLANCA / CORTOPUNZANTE,A PIE,A PIE,44.0,MASCULINO,UNION LIBRE,COLOMBIA,INDEPENDIENTE,-,SECUNDARIA,11001000.0,1
01/11/2018 12:00:00 AM,CUNDINAMARCA,BOGOTÁ D.C. (CT),Jueves,4:15:00,SIERRA MORENA E-19,URBANA,VIAS PUBLICAS,ARMA BLANCA / CORTOPUNZANTE,A PIE,A PIE,75.0,MASCULINO,UNION LIBRE,COLOMBIA,INDEPENDIENTE,-,SECUNDARIA,11001000.0,1
01/11/2018 12:00:00 AM,CUNDINAMARCA,BOGOTÁ D.C. (CT),Jueves,2:25:00,ISLA DEL SOL E-6,URBANA,VIAS PUBLICAS,ARMA BLANCA / CORTOPUNZANTE,A PIE,A PIE,23.0,MASCULINO,UNION LIBRE,COLOMBIA,INDEPENDIENTE,-,SECUNDARIA,11001000.0,1
01/11/2018 12:00:00 AM,CUNDINAMARCA,BOGOTÁ D.C. (CT),Jueves,20:22:00,DIANA TURBAY E-18,URBANA,PARQUES,ARMA DE FUEGO,A PIE,A PIE,24.0,MASCULINO,SOLTERO,COLOMBIA,DESEMPLEADO,-,SECUNDARIA,11001000.0,1
01/11/2018 12:00:00 AM,CUNDINAMARCA,BOGOTÁ D.C. (CT),Jueves,16:21:00,CANADA E-4,URBANA,VIAS PUBLICAS,ARMA BLANCA / CORTOPUNZANTE,A PIE,A PIE,76.0,FEMENINO,CASADO,COLOMBIA,DESEMPLEADO,-,SECUNDARIA,11001000.0,1
01/11/2018 12:00:00 AM,CUNDINAMARCA,BOGOTÁ D.C. (CT),Jueves,17:51:00,LA INDEPENDENCIA E-7,URBANA,RIOS,ARMA BLANCA / CORTOPUNZANTE,A PIE,A PIE,37.0,MASCULINO,SOLTERO,COLOMBIA,DESEMPLEADO,-,SECUNDARIA,11001000.0,1
02/11/2018 12:00:00 AM,CUNDINAMARCA,BOGOTÁ D.C. (CT),Viernes,21:30:00,EL POA E-11,URBANA,VIAS PUBLICAS,ARMA BLANCA / CORTOPUNZANTE,A PIE,A PIE,33.0,MASCULINO,UNION LIBRE,COLOMBIA,DESEMPLEADO,-,SECUNDARIA,11001000.0,1
02/11/2018 12:00:00 AM,CUNDINAMARCA,BOGOTÁ D.C. (CT),Viernes,11:00:00,VITELMA E-4,URBANA,CASAS DE HABITACION,CONTUNDENTES,A PIE,A PIE,60.0,MASCULINO,CASADO,COLOMBIA,DESEMPLEADO,-,PRIMARIA,11001000.0,1
02/11/2018 12:00:00 AM,CUNDINAMARCA,BOGOTÁ D.C. (CT),Viernes,0:20:00,MILLÁN LOS SAUCES E-19,URBANA,VIAS PUBLICAS,ARMA DE FUEGO,A PIE,A PIE,29.0,MASCULINO,SOLTERO,COLOMBIA,INDEPENDIENTE,NO REPORTADA,SECUNDARIA,11001000.0,1
02/11/2018 12:00:00 AM,CUNDINAMARCA,BOGOTÁ D.C. (CT),Viernes,18:15:00,ENGATIVA ZONA URBANA E-10,URBANA,VIAS PUBLICAS,ARMA DE FUEGO,A PIE,A PIE,20.0,MASCULINO,SOLTERO,COLOMBIA,INDEPENDIENTE,NO REPORTADA,SECUNDARIA,11001000.0,1
02/11/2018 12:00:00 AM,CUNDINAMARCA,BOGOTÁ D.C. (CT),Viernes,18:15:00,MADELENA I Y II SECTOR E-19,URBANA,VIAS PUBLICAS,ARMA DE FUEGO,A PIE,A PIE,28.0,MASCULINO,SOLTERO,COLOMBIA,INDEPENDIENTE,-,SECUNDARIA,11001000.0,1
03/11/2018 12:00:00 AM,CUNDINAMARCA,BOGOTÁ D.C. (CT),Sábado,18:24:00,SANTA RITA II SECTOR E-16,URBANA,VIAS PUBLICAS,ARMA DE FUEGO,A PIE,A PIE,30.0,MASCULINO,SOLTERO,COLOMBIA,INDEPENDIENTE,-,SECUNDARIA,11001000.0,1
03/11/2018 12:00:00 AM,CUNDINAMARCA,BOGOTÁ D.C. (CT),Sábado,17:28:00,VILLAS DEL PROGRESO E-7,URBANA,VIAS PUBLICAS,ARMA BLANCA / CORTOPUNZANTE,A PIE,A PIE,17.0,MASCULINO,SOLTERO,COLOMBIA,ESTUDIANTE,-,SECUNDARIA,11001000.0,1
04/11/2018 12:00:00 AM,CUNDINAMARCA,BOGOTÁ D.C. (CT),Domingo,5:00:00,LUCERO ALTO E-19,URBANA,VIAS PUBLICAS,ARMA BLANCA / CORTOPUNZANTE,A PIE,A PIE,38.0,MASCULINO,UNION LIBRE,COLOMBIA,EMPLEADO PARTICULAR,-,SECUNDARIA,11001000.0,1
04/11/2018 12:00:00 AM,CUNDINAMARCA,BOGOTÁ D.C. (CT),Domingo,17:25:00,LA AURORA I SECTOR E-5,URBANA,VIAS PUBLICAS,ARMA BLANCA / CORTOPUNZANTE,A PIE,A PIE,22.0,MASCULINO,SOLTERO,COLOMBIA,DESEMPLEADO,-,SECUNDARIA,11001000.0,1
04/11/2018 12:00:00 AM,CUNDINAMARCA,BOGOTÁ D.C. (CT),Domingo,21:53:00,SAN BERNARDINO E-7,URBANA,VIAS PUBLICAS,ARMA BLANCA / CORTOPUNZANTE,A PIE,A PIE,21.0,MASCULINO,SOLTERO,COLOMBIA,DESEMPLEADO,-,SECUNDARIA,11001000.0,1
05/11/2018 12:00:00 AM,CUNDINAMARCA,BOGOTÁ D.C. (CT),Lunes,1:57:00,LLANO GRANDE E-8,URBANA,VIAS PUBLICAS,ARMA DE FUEGO,A PIE,A PIE,19.0,MASCULINO,SOLTERO,COLOMBIA,INDEPENDIENTE,-,SECUNDARIA,11001000.0,1
05/11/2018 12:00:00 AM,CUNDINAMARCA,BOGOTÁ D.C. (CT),Lunes,1:57:00,MARIA PAZ E-8,URBANA,VIAS PUBLICAS,ARMA DE FUEGO,A PIE,A PIE,33.0,MASCULINO,SOLTERO,COLOMBIA,INDEPENDIENTE,-,SECUNDARIA,11001000.0,1
05/11/2018 12:00:00 AM,CUNDINAMARCA,BOGOTÁ D.C. (CT),Lunes,10:29:00,SAN BERNARDO E-3,URBANA,VIAS PUBLICAS,ARMA BLANCA / CORTOPUNZANTE,A PIE,A PIE,39.0,FEMENINO,SOLTERO,COLOMBIA,INDEPENDIENTE,-,SECUNDARIA,11001000.0,1
05/11/2018 12:00:00 AM,CUNDINAMARCA,BOGOTÁ D.C. (CT),Lunes,16:26:00,LAS MERCEDES E-11,URBANA,VIAS PUBLICAS,ARMA DE FUEGO,A PIE,A PIE,52.0,MASCULINO,SOLTERO,COLOMBIA,INDEPENDIENTE,-,SECUNDARIA,11001000.0,1
07/11/2018 12:00:00 AM,CUNDINAMARCA,BOGOTÁ D.C. (CT),Miércoles,19:30:00,LA LIBERTAD III SECTOR E-7,URBANA,VIAS PUBLICAS,ARMA DE FUEGO,A PIE,A PIE,26.0,MASCULINO,SOLTERO,COLOMBIA,DESEMPLEADO,-,SECUNDARIA,11001000.0,1
07/11/2018 12:00:00 AM,CUNDINAMARCA,BOGOTÁ D.C. (CT),Miércoles,15:30:00,EL ROSAL E-19,URBANA,VIAS PUBLICAS,ARMA DE FUEGO,A PIE,A PIE,20.0,MASCULINO,SOLTERO,COLOMBIA,INDEPENDIENTE,-,PRIMARIA,11001000.0,1
07/11/2018 12:00:00 AM,CUNDINAMARCA,BOGOTÁ D.C. (CT),Miércoles,21:55:00,EL REMANSO E-7,URBANA,VIAS PUBLICAS,ARMA BLANCA / CORTOPUNZANTE,A PIE,A PIE,20.0,MASCULINO,SOLTERO,COLOMBIA,DESEMPLEADO,-,SECUNDARIA,11001000.0,1
08/11/2018 12:00:00 AM,CUNDINAMARCA,BOGOTÁ D.C. (CT),Jueves,20:30:00,ARBORIZADORA ALTA E-19,URBANA,VIAS PUBLICAS,ARMA DE FUEGO,A PIE,A PIE,22.0,MASCULINO,SOLTERO,COLOMBIA,INDEPENDIENTE,-,SECUNDARIA,11001000.0,1
08/11/2018 12:00:00 AM,CUNDINAMARCA,BOGOTÁ D.C. (CT),Jueves,4:18:00,LA ESTRELLA SECTOR LAGOS E-19,URBANA,VIAS PUBLICAS,ARMA DE FUEGO,A PIE,A PIE,48.0,MASCULINO,SOLTERO,COLOMBIA,INDEPENDIENTE,-,SECUNDARIA,11001000.0,1
10/11/2018 12:00:00 AM,CUNDINAMARCA,BOGOTÁ D.C. (CT),Sábado,5:30:00,SAN VICTORINO E-14,URBANA,VIAS PUBLICAS,ARMA BLANCA / CORTOPUNZANTE,A PIE,A PIE,28.0,MASCULINO,UNION LIBRE,COLOMBIA,INDEPENDIENTE,-,SECUNDARIA,11001000.0,1
10/11/2018 12:00:00 AM,CUNDINAMARCA,BOGOTÁ D.C. (CT),Sábado,21:50:00,LA ESTANZUELA E-14,URBANA,VIAS PUBLICAS,ARMA BLANCA / CORTOPUNZANTE,A PIE,A PIE,45.0,MASCULINO,SOLTERO,COLOMBIA,DESEMPLEADO,-,SECUNDARIA,11001000.0,1
10/11/2018 12:00:00 AM,CUNDINAMARCA,BOGOTÁ D.C. (CT),Sábado,22:46:00,CEDRITOS DEL SUR II E-19,URBANA,VIAS PUBLICAS,ARMA DE FUEGO,A PIE,A PIE,15.0,MASCULINO,UNION LIBRE,COLOMBIA,ESTUDIANTE,-,PRIMARIA,11001000.0,1
10/11/2018 12:00:00 AM,CUNDINAMARCA,BOGOTÁ D.C. (CT),Sábado,13:11:00,MADELENA I Y II SECTOR E-19,URBANA,VIAS PUBLICAS,ARMA BLANCA / CORTOPUNZANTE,A PIE,A PIE,24.0,MASCULINO,UNION LIBRE,COLOMBIA,INDEPENDIENTE,-,SECUNDARIA,11001000.0,1
11/11/2018 12:00:00 AM,CUNDINAMARCA,BOGOTÁ D.C. (CT),Domingo,2:30:00,EL LISTON E-14,URBANA,VIAS PUBLICAS,CONTUNDENTES,A PIE,A PIE,19.0,MASCULINO,SOLTERO,COLOMBIA,DESEMPLEADO,-,SECUNDARIA,11001000.0,1
11/11/2018 12:00:00 AM,CUNDINAMARCA,BOGOTÁ D.C. (CT),Domingo,21:54:00,VENECIA E-6,URBANA,VIAS PUBLICAS,ARMA DE FUEGO,A PIE,A PIE,41.0,MASCULINO,UNION LIBRE,COLOMBIA,DESEMPLEADO,-,SECUNDARIA,11001000.0,1
11/11/2018 12:00:00 AM,CUNDINAMARCA,BOGOTÁ D.C. (CT),Domingo,2:29:00,ARBOLEDA SUR E-18,URBANA,VIAS PUBLICAS,ARMA BLANCA / CORTOPUNZANTE,A PIE,A PIE,27.0,MASCULINO,SOLTERO,COLOMBIA,DESEMPLEADO,-,SECUNDARIA,11001000.0,1
12/11/2018 12:00:00 AM,CUNDINAMARCA,BOGOTÁ D.C. (CT),Lunes,18:00:00,ALBANIA E-3,URBANA,VIAS PUBLICAS,ARMA DE FUEGO,A PIE,A PIE,17.0,MASCULINO,SOLTERO,COLOMBIA,INDEPENDIENTE,-,SECUNDARIA,11001000.0,1
12/11/2018 12:00:00 AM,CUNDINAMARCA,BOGOTÁ D.C. (CT),Lunes,13:55:00,BOSA E-7,URBANA,VIAS PUBLICAS,ARMA DE FUEGO,A PIE,A PIE,32.0,MASCULINO,SOLTERO,COLOMBIA,INDEPENDIENTE,-,SUPERIOR,11001000.0,1
12/11/2018 12:00:00 AM,CUNDINAMARCA,BOGOTÁ D.C. (CT),Lunes,13:55:00,BOSA E-7,URBANA,VIAS PUBLICAS,ARMA DE FUEGO,A PIE,A PIE,42.0,MASCULINO,UNION LIBRE,COLOMBIA,INDEPENDIENTE,-,SECUNDARIA,11001000.0,1
12/11/2018 12:00:00 AM,CUNDINAMARCA,BOGOTÁ D.C. (CT),Lunes,23:41:00,CHAMICERA CENTRAL E-16,URBANA,VIAS PUBLICAS,ARMA BLANCA / CORTOPUNZANTE,A PIE,A PIE,34.0,MASCULINO,SOLTERO,COLOMBIA,INDEPENDIENTE,-,SECUNDARIA,11001000.0,1
12/11/2018 12:00:00 AM,CUNDINAMARCA,BOGOTÁ D.C. (CT),Lunes,7:37:00,TINTAL E-8,URBANA,VIAS PUBLICAS,ARMA DE FUEGO,A PIE,A PIE,32.0,MASCULINO,SOLTERO,COLOMBIA,INDEPENDIENTE,-,SECUNDARIA,11001000.0,1
01/12/2018 12:00:00 AM,CUNDINAMARCA,BOGOTÁ D.C. (CT),Sábado,20:30:00,GALAN E-16,URBANA,VIAS PUBLICAS,ARMA DE FUEGO,A PIE,A PIE,41.0,MASCULINO,SOLTERO,COLOMBIA,EMPLEADO PARTICULAR,-,SECUNDARIA,11001000.0,1
01/12/2018 12:00:00 AM,CUNDINAMARCA,BOGOTÁ D.C. (CT),Sábado,21:40:00,LA URIBE E-1,URBANA,VIAS PUBLICAS,ARMA BLANCA / CORTOPUNZANTE,A PIE,A PIE,35.0,MASCULINO,SOLTERO,COLOMBIA,INDEPENDIENTE,-,SECUNDARIA,11001000.0,1
01/12/2018 12:00:00 AM,CUNDINAMARCA,BOGOTÁ D.C. (CT),Sábado,16:22:00,VILLAS DEL PROGRESO E-7,URBANA,VIAS PUBLICAS,ARMA DE FUEGO,A PIE,A PIE,17.0,MASCULINO,SOLTERO,COLOMBIA,INDEPENDIENTE,-,SECUNDARIA,11001000.0,1
01/12/2018 12:00:00 AM,CUNDINAMARCA,BOGOTÁ D.C. (CT),Sábado,16:22:00,VILLAS DEL PROGRESO E-7,URBANA,VIAS PUBLICAS,ARMA DE FUEGO,A PIE,A PIE,49.0,MASCULINO,SOLTERO,COLOMBIA,INDEPENDIENTE,-,SECUNDARIA,11001000.0,1
02/12/2018 12:00:00 AM,CUNDINAMARCA,BOGOTÁ D.C. (CT),Domingo,20:05:00,LAS MANITAS E-19,URBANA,DENTRO DE LA VIVIENDA,ARMA BLANCA / CORTOPUNZANTE,A PIE,A PIE,34.0,MASCULINO,UNION LIBRE,COLOMBIA,INDEPENDIENTE,-,SECUNDARIA,11001000.0,1
02/12/2018 12:00:00 AM,CUNDINAMARCA,BOGOTÁ D.C. (CT),Domingo,3:15:00,EL DIVINO NIÑO E-19,URBANA,VIAS PUBLICAS,ARMA DE FUEGO,A PIE,A PIE,16.0,FEMENINO,SOLTERO,COLOMBIA,ESTUDIANTE,-,SECUNDARIA,11001000.0,1
02/12/2018 12:00:00 AM,CUNDINAMARCA,BOGOTÁ D.C. (CT),Domingo,21:13:00,OLARTE E-7,URBANA,VIAS PUBLICAS,ARMA DE FUEGO,PASAJERO MOTOCICLETA,-,41.0,MASCULINO,UNION LIBRE,COLOMBIA,INDEPENDIENTE,-,SECUNDARIA,11001000.0,1
03/12/2018 12:00:00 AM,CUNDINAMARCA,BOGOTÁ D.C. (CT),Lunes,21:00:00,MOLINOS DEL SUR E-18,URBANA,VIAS PUBLICAS,ARMA DE FUEGO,A PIE,A PIE,25.0,MASCULINO,SOLTERO,COLOMBIA,EMPLEADO PARTICULAR,-,SECUNDARIA,11001000.0,1
03/12/2018 12:00:00 AM,CUNDINAMARCA,BOGOTÁ D.C. (CT),Lunes,1:24:00,EL JAPON E-11,URBANA,VIAS PUBLICAS,ARMA BLANCA / CORTOPUNZANTE,A PIE,A PIE,18.0,MASCULINO,SOLTERO,COLOMBIA,EMPLEADO PARTICULAR,-,SECUNDARIA,11001000.0,1
04/12/2018 12:00:00 AM,CUNDINAMARCA,BOGOTÁ D.C. (CT),Martes,10:30:00,QUIBA E-19,RURAL,VIAS PUBLICAS,ARMA DE FUEGO,A PIE,PASAJERO TAXI,28.0,FEMENINO,SOLTERO,COLOMBIA,EMPLEADO PARTICULAR,-,SECUNDARIA,11001000.0,1
04/12/2018 12:00:00 AM,CUNDINAMARCA,BOGOTÁ D.C. (CT),Martes,10:30:00,QUIBA E-19,RURAL,VIAS PUBLICAS,ARMA DE FUEGO,A PIE,PASAJERO TAXI,30.0,FEMENINO,SOLTERO,COLOMBIA,EMPLEADO PARTICULAR,-,SECUNDARIA,11001000.0,1
04/12/2018 12:00:00 AM,CUNDINAMARCA,BOGOTÁ D.C. (CT),Martes,20:10:00,VISTA HERMOSA SECTOR EL CAPRI E-19,URBANA,VIAS PUBLICAS,ARMA BLANCA / CORTOPUNZANTE,A PIE,A PIE,22.0,MASCULINO,SOLTERO,COLOMBIA,EMPLEADO PARTICULAR,-,SECUNDARIA,11001000.0,1
04/12/2018 12:00:00 AM,CUNDINAMARCA,BOGOTÁ D.C. (CT),Martes,10:59:00,SANTA BARBARA E-1,URBANA,CLINICAS Y SIMILARES,ARMA DE FUEGO,A PIE,A PIE,21.0,MASCULINO,SOLTERO,COLOMBIA,INDEPENDIENTE,-,SECUNDARIA,11001000.0,1
05/12/2018 12:00:00 AM,CUNDINAMARCA,BOGOTÁ D.C. (CT),Miércoles,22:05:00,CHICO NORTE I E-2,URBANA,VIAS PUBLICAS,ARMA BLANCA / CORTOPUNZANTE,A PIE,A PIE,20.0,MASCULINO,SOLTERO,COLOMBIA,DESEMPLEADO,-,SECUNDARIA,11001000.0,1
06/12/2018 12:00:00 AM,CUNDINAMARCA,BOGOTÁ D.C. (CT),Jueves,13:10:00,VILLA DE LOS COMUNEROS E-7,URBANA,VIAS PUBLICAS,ARMA BLANCA / CORTOPUNZANTE,A PIE,A PIE,20.0,MASCULINO,UNION LIBRE,VENEZUELA,DESEMPLEADO,-,SECUNDARIA,11001000.0,1
06/12/2018 12:00:00 AM,CUNDINAMARCA,BOGOTÁ D.C. (CT),Jueves,16:20:00,VILLA SONIA E-16,URBANA,VIAS PUBLICAS,ARMA DE FUEGO,-,A PIE,49.0,MASCULINO,SOLTERO,COLOMBIA,INDEPENDIENTE,-,PRIMARIA,11001000.0,1
07/12/2018 12:00:00 AM,CUNDINAMARCA,BOGOTÁ D.C. (CT),Viernes,21:05:00,ALTAMIRA E-4,URBANA,VIAS PUBLICAS,ARMA DE FUEGO,A PIE,A PIE,22.0,MASCULINO,SOLTERO,COLOMBIA,INDEPENDIENTE,-,SECUNDARIA,11001000.0,1
07/12/2018 12:00:00 AM,CUNDINAMARCA,BOGOTÁ D.C. (CT),Viernes,19:44:00,ISMAEL PERDOMO E-19,URBANA,VIAS PUBLICAS,ARMA DE FUEGO,A PIE,A PIE,52.0,FEMENINO,SOLTERO,COLOMBIA,INDEPENDIENTE,-,SECUNDARIA,11001000.0,1
08/12/2018 12:00:00 AM,CUNDINAMARCA,BOGOTÁ D.C. (CT),Sábado,1:30:00,CENTRAL DE MEZCLAS E-19,URBANA,VIAS PUBLICAS,ARMA BLANCA / CORTOPUNZANTE,A PIE,A PIE,24.0,FEMENINO,UNION LIBRE,COLOMBIA,INDEPENDIENTE,-,SECUNDARIA,11001000.0,1
08/12/2018 12:00:00 AM,CUNDINAMARCA,BOGOTÁ D.C. (CT),Sábado,5:30:00,VILLA ALEMANIA E-5,URBANA,VIAS PUBLICAS,ARMA BLANCA / CORTOPUNZANTE,A PIE,A PIE,34.0,MASCULINO,UNION LIBRE,COLOMBIA,EMPLEADO PARTICULAR,-,SECUNDARIA,11001000.0,1
08/12/2018 12:00:00 AM,CUNDINAMARCA,BOGOTÁ D.C. (CT),Sábado,4:30:00,LA ESTANZUELA E-14,URBANA,VIAS PUBLICAS,ARMA BLANCA / CORTOPUNZANTE,A PIE,A PIE,32.0,MASCULINO,UNION LIBRE,COLOMBIA,INDEPENDIENTE,-,SECUNDARIA,11001000.0,1
08/12/2018 12:00:00 AM,CUNDINAMARCA,BOGOTÁ D.C. (CT),Sábado,17:20:00,CENTRO INDUSTRIAL E-16,URBANA,VIAS PUBLICAS,ARMA DE FUEGO,A PIE,A PIE,35.0,MASCULINO,UNION LIBRE,COLOMBIA,INDEPENDIENTE,-,PRIMARIA,11001000.0,1
08/12/2018 12:00:00 AM,CUNDINAMARCA,BOGOTÁ D.C. (CT),Sábado,1:50:00,LA ESTRELLITA E-1,URBANA,VIAS PUBLICAS,ARMA BLANCA / CORTOPUNZANTE,A PIE,A PIE,53.0,MASCULINO,SOLTERO,COLOMBIA,INDEPENDIENTE,-,SECUNDARIA,11001000.0,1
08/12/2018 12:00:00 AM,CUNDINAMARCA,BOGOTÁ D.C. (CT),Sábado,4:10:00,BELLO HORIZONTE E-4,URBANA,VIAS PUBLICAS,ARMA DE FUEGO,A PIE,A PIE,25.0,MASCULINO,UNION LIBRE,COLOMBIA,INDEPENDIENTE,-,SECUNDARIA,11001000.0,1
08/12/2018 12:00:00 AM,CUNDINAMARCA,BOGOTÁ D.C. (CT),Sábado,10:05:00,PIAMONTE E-7,URBANA,VIAS PUBLICAS,ARMA BLANCA / CORTOPUNZANTE,A PIE,A PIE,19.0,FEMENINO,SOLTERO,COLOMBIA,EMPLEADO PARTICULAR,-,SECUNDARIA,11001000.0,1
08/12/2018 12:00:00 AM,CUNDINAMARCA,BOGOTÁ D.C. (CT),Sábado,19:26:00,LA ESTRELLA DEL SUR E-19,URBANA,VIAS PUBLICAS,ARMA DE FUEGO,A PIE,A PIE,32.0,MASCULINO,UNION LIBRE,COLOMBIA,INDEPENDIENTE,-,SECUNDARIA,11001000.0,1
09/12/2018 12:00:00 AM,CUNDINAMARCA,BOGOTÁ D.C. (CT),Domingo,22:30:00,LA FAVORITA E-14,URBANA,VIAS PUBLICAS,ARMA BLANCA / CORTOPUNZANTE,A PIE,A PIE,34.0,MASCULINO,UNION LIBRE,COLOMBIA,INDEPENDIENTE,-,SECUNDARIA,11001000.0,1
09/12/2018 12:00:00 AM,CUNDINAMARCA,BOGOTÁ D.C. (CT),Domingo,2:20:00,CHAPINERITO E-5,URBANA,VIAS PUBLICAS,ARMA DE FUEGO,A PIE,A PIE,30.0,MASCULINO,SOLTERO,COLOMBIA,INDEPENDIENTE,-,NO REPORTADO,11001000.0,1
09/12/2018 12:00:00 AM,CUNDINAMARCA,BOGOTÁ D.C. (CT),Domingo,6:15:00,EL TINTAL E-9,URBANA,VIAS PUBLICAS,ARMA DE FUEGO,A PIE,A PIE,53.0,MASCULINO,UNION LIBRE,COLOMBIA,EMPLEADO PARTICULAR,-,SECUNDARIA,11001000.0,1
09/12/2018 12:00:00 AM,CUNDINAMARCA,BOGOTÁ D.C. (CT),Domingo,8:40:00,TUNALITO E-6,URBANA,VIAS PUBLICAS,ARMA DE FUEGO,A PIE,A PIE,45.0,FEMENINO,SOLTERO,COLOMBIA,INDEPENDIENTE,-,SECUNDARIA,11001000.0,1
09/12/2018 12:00:00 AM,CUNDINAMARCA,BOGOTÁ D.C. (CT),Domingo,2:08:00,GUSTAVO RESTREPO E-18,URBANA,VIAS PUBLICAS,ARMA DE FUEGO,A PIE,A PIE,33.0,MASCULINO,UNION LIBRE,COLOMBIA,DESEMPLEADO,-,SECUNDARIA,11001000.0,1
09/12/2018 12:00:00 AM,CUNDINAMARCA,BOGOTÁ D.C. (CT),Domingo,21:53:00,NUEVA TIBABUYES E-11,URBANA,VIAS PUBLICAS,ARMA DE FUEGO,A PIE,CONDUCTOR TAXI,37.0,MASCULINO,UNION LIBRE,COLOMBIA,INDEPENDIENTE,-,SECUNDARIA,11001000.0,1
10/12/2018 12:00:00 AM,CUNDINAMARCA,BOGOTÁ D.C. (CT),Lunes,3:35:00,CIUDAD DE CALI E-8,URBANA,VIAS PUBLICAS,ARMA DE FUEGO,A PIE,A PIE,62.0,MASCULINO,CASADO,COLOMBIA,INDEPENDIENTE,NO REPORTADA,PRIMARIA,11001000.0,1
10/12/2018 12:00:00 AM,CUNDINAMARCA,BOGOTÁ D.C. (CT),Lunes,18:22:00,TORCA E-1,URBANA,VIAS PUBLICAS,ARMA DE FUEGO,A PIE,A PIE,27.0,MASCULINO,SOLTERO,COLOMBIA,DESEMPLEADO,-,SECUNDARIA,11001000.0,1
10/12/2018 12:00:00 AM,CUNDINAMARCA,BOGOTÁ D.C. (CT),Lunes,1:26:00,CORDILLERA SUR E-19,URBANA,VIAS PUBLICAS,ARMA DE FUEGO,A PIE,A PIE,30.0,MASCULINO,SOLTERO,COLOMBIA,EMPLEADO PARTICULAR,-,SECUNDARIA,11001000.0,1
10/12/2018 12:00:00 AM,CUNDINAMARCA,BOGOTÁ D.C. (CT),Lunes,3:38:00,CORDILLERA SUR E-19,URBANA,LOTE BALDIO,ARMA BLANCA / CORTOPUNZANTE,A PIE,A PIE,28.0,MASCULINO,SOLTERO,COLOMBIA,EMPLEADO PARTICULAR,-,SECUNDARIA,11001000.0,1
11/12/2018 12:00:00 AM,CUNDINAMARCA,BOGOTÁ D.C. (CT),Martes,19:30:00,JOSE JOAQUIN VARGAS E-12,URBANA,VIAS PUBLICAS,ARMA DE FUEGO,A PIE,A PIE,38.0,MASCULINO,UNION LIBRE,COLOMBIA,INDEPENDIENTE,-,SECUNDARIA,11001000.0,1
11/12/2018 12:00:00 AM,CUNDINAMARCA,BOGOTÁ D.C. (CT),Martes,5:55:00,BILBAO E-11,URBANA,VIAS PUBLICAS,ARMA DE FUEGO,A PIE,A PIE,68.0,MASCULINO,UNION LIBRE,COLOMBIA,DESEMPLEADO,-,SECUNDARIA,11001000.0,1
12/12/2018 12:00:00 AM,CUNDINAMARCA,BOGOTÁ D.C. (CT),Miércoles,19:00:00,SAN BERNARDO E-3,URBANA,VIAS PUBLICAS,ARMA BLANCA / CORTOPUNZANTE,A PIE,A PIE,25.0,MASCULINO,SOLTERO,COLOMBIA,INDEPENDIENTE,NO REPORTADA,SECUNDARIA,11001000.0,1
12/12/2018 12:00:00 AM,CUNDINAMARCA,BOGOTÁ D.C. (CT),Miércoles,21:16:00,LA PRIMAVERA E-8,URBANA,VIAS PUBLICAS,ARMA BLANCA / CORTOPUNZANTE,A PIE,A PIE,22.0,MASCULINO,SOLTERO,COLOMBIA,DESEMPLEADO,-,SECUNDARIA,11001000.0,1
